ticket_id,agent_id,lob,site,created_at,resolved_at,status,customer_rating,resolution_time
735a2b8e,1038,Rides,USA,2025-01-21 09:58:13,2025-01-30 12:47:19,Pending,4.0,218.81833333333333
ab6ce412,1028,Rides,Philippines,2024-12-27 04:34:15,2025-03-01 01:03:30,Resolved,5.0,1532.4875
6a1d7fb9,1014,Support,Mexico,2024-12-17 16:58:33,2025-02-19 00:00:34,Pending,4.0,1519.0336111111112
5c7cde87,1042,Support,Mexico,2024-12-15 18:53:32,2025-02-03 22:39:43,Resolved,,1203.7697222222223
666be3fe,1007,Delivery,USA,2025-02-15 08:06:32,2025-02-15 08:06:32,Resolved,4.0,0.0
c17ab7a3,1020,Freight,India,2025-01-29 07:00:36,2025-03-13 04:22:43,Resolved,2.0,1029.368611111111
7c35cb1f,1038,Rides,Brazil,2025-02-15 08:34:28,2025-03-09 17:40:32,Pending,5.0,537.1011111111111
8f8a6aa6,1018,Freight,India,2025-02-02 06:46:00,2025-02-02 06:46:00,Resolved,4.0,0.0
b76f7a9c,1022,Freight,India,2025-03-09 15:26:27,2025-03-09 15:26:27,Resolved,5.0,0.0
0ddc5c00,1010,Support,USA,2025-01-03 01:35:21,2025-01-03 01:35:21,Resolved,,0.0
3ea04b5a,1010,Delivery,USA,2024-12-14 20:18:33,2025-03-10 18:14:44,Resolved,5.0,2061.936388888889
bff1a20b,1023,Eats,USA,2024-12-18 07:39:25,2024-12-30 13:32:22,Resolved,4.0,293.8825
cff6c203,1035,Delivery,USA,2025-02-21 13:27:13,2025-02-21 13:27:13,Pending,5.0,0.0
b40d9750,1039,Delivery,Mexico,2025-02-13 03:17:23,2025-03-07 19:08:31,Resolved,4.0,543.8522222222222
91c9fdaf,1023,Freight,USA,2025-02-19 11:24:36,2025-02-19 11:24:36,Resolved,4.0,0.0
05cae037,1002,Delivery,Mexico,2025-01-09 10:37:52,2025-02-22 12:10:11,Resolved,5.0,1057.538611111111
c9c341e8,1021,Rides,Mexico,2025-01-09 05:23:41,2025-01-11 09:56:46,Resolved,3.0,52.55138888888889
43b7adad,1001,Freight,USA,2025-01-31 09:43:05,2025-02-12 06:26:33,Resolved,5.0,284.72444444444443
5a4888ec,1023,Rides,Philippines,2025-03-02 10:29:54,2025-03-07 16:44:33,Resolved,5.0,126.24416666666667
1a344895,1043,Eats,Brazil,2024-12-16 13:39:41,2024-12-19 01:03:46,Resolved,5.0,59.40138888888889
2cf8b01b,1029,Freight,India,2025-03-07 22:00:11,2025-03-07 22:00:11,Pending,4.0,0.0
7b8acf12,1037,Eats,Mexico,2025-01-19 09:08:22,2025-02-13 06:31:58,Resolved,5.0,597.3933333333333
7ffe61fc,1001,Freight,Brazil,2025-02-18 10:49:17,2025-02-18 10:49:17,Resolved,4.0,0.0
93e6409d,1020,Support,Philippines,2025-01-02 21:38:28,2025-02-11 09:23:02,Resolved,5.0,947.7427777777777
4d264c16,1032,Delivery,India,2025-02-13 00:33:20,2025-02-13 00:33:20,Pending,3.0,0.0
60e50e7f,1011,Support,India,2025-02-08 11:47:23,2025-02-08 11:47:23,Resolved,2.0,0.0
fdbf758b,1021,Eats,Mexico,2024-12-30 08:06:24,2025-01-08 04:52:23,Resolved,3.0,212.76638888888888
30f98def,1043,Delivery,USA,2025-02-07 15:26:07,2025-03-11 15:04:59,Pending,4.0,767.6477777777778
9d6cbf99,1024,Freight,Philippines,2025-02-03 04:41:34,2025-02-03 04:41:34,Resolved,4.0,0.0
6787b5a2,1048,Delivery,Mexico,2025-03-05 18:20:37,2025-03-05 18:20:37,Resolved,5.0,0.0
4c8f5735,1026,Rides,Philippines,2025-03-07 22:46:50,2025-03-07 22:46:50,Resolved,4.0,0.0
88948c7a,1041,Delivery,USA,2025-02-20 06:56:44,2025-02-20 06:56:44,Pending,4.0,0.0
28187edb,1027,Rides,USA,2024-12-25 21:41:35,2025-01-01 12:39:00,Resolved,1.0,158.95694444444445
e7dc84a4,1015,Delivery,Mexico,2025-01-26 10:37:24,2025-01-26 10:37:24,Resolved,4.0,0.0
c330328c,1014,Rides,USA,2025-01-26 14:36:19,2025-03-13 07:55:32,Resolved,4.0,1097.3202777777778
bbdf9d11,1046,Eats,Brazil,2025-03-06 11:02:26,2025-03-06 11:02:26,Resolved,1.0,0.0
f53bfa95,1043,Support,India,2025-01-01 02:15:45,2025-02-05 17:17:45,Resolved,3.0,855.0333333333333
6e597b68,1002,Freight,Mexico,2025-03-02 22:47:08,2025-03-02 22:47:08,Resolved,3.0,0.0
5063e916,1036,Delivery,Philippines,2025-01-24 15:03:39,2025-01-24 15:03:39,Resolved,1.0,0.0
07c4a19e,1006,Support,Brazil,2025-01-17 01:26:22,2025-03-14 10:37:49,Resolved,4.0,1353.1908333333333
8a6deeaa,1020,Freight,Mexico,2024-12-30 19:43:07,2024-12-30 19:43:07,Resolved,3.0,0.0
ded018af,1008,Freight,USA,2025-01-30 16:56:56,2025-01-30 16:56:56,Resolved,5.0,0.0
10ea50ac,1038,Rides,USA,2025-01-16 07:47:34,2025-01-16 07:47:34,Pending,5.0,0.0
5ce03dec,1017,Eats,USA,2025-01-10 13:41:31,2025-02-04 23:54:31,Resolved,4.0,610.2166666666667
12be605a,1003,Eats,USA,2025-03-04 02:55:49,2025-03-04 02:55:49,Resolved,,0.0
879ab45e,1024,Support,Philippines,2025-01-02 20:24:52,2025-01-02 20:24:52,Resolved,4.0,0.0
5c5b7f6b,1013,Eats,Brazil,2025-02-12 13:01:53,2025-02-12 13:01:53,Resolved,4.0,0.0
cae7f734,1049,Delivery,India,2025-01-16 12:29:59,2025-02-17 05:40:36,Resolved,,761.1769444444444
26f6c970,1008,Eats,Philippines,2025-02-17 06:16:27,2025-02-25 20:55:36,Resolved,3.0,206.6525
36279de1,1025,Support,Philippines,2025-02-02 21:50:48,2025-02-02 21:50:48,Resolved,5.0,0.0
4cf99ad6,1001,Eats,India,2024-12-17 00:19:48,2024-12-29 15:34:49,Resolved,1.0,303.2502777777778
0cbe5e3f,1019,Delivery,India,2025-01-28 10:16:22,2025-02-21 04:12:59,Resolved,4.0,569.9436111111111
8650e37f,1027,Rides,USA,2025-01-17 15:27:33,2025-03-13 01:45:07,Resolved,2.0,1306.2927777777777
1fdfdbd5,1046,Support,Philippines,2025-02-26 10:24:43,2025-03-02 01:17:41,Resolved,5.0,86.88277777777778
42b6d4ed,1006,Rides,Mexico,2025-01-21 15:40:07,2025-03-11 21:33:35,Resolved,4.0,1181.891111111111
f4b548ee,1043,Rides,India,2024-12-18 08:58:24,2025-01-10 18:09:17,Resolved,5.0,561.1813888888889
1cb9c14f,1007,Rides,India,2025-02-26 21:54:30,2025-03-02 17:00:04,Resolved,4.0,91.09277777777778
fcf61247,1046,Freight,Brazil,2025-02-01 21:56:11,2025-02-01 21:56:11,Pending,4.0,0.0
574d3bf7,1034,Freight,Mexico,2025-02-21 23:02:33,2025-02-21 23:02:33,Resolved,1.0,0.0
dda6a544,1013,Rides,Mexico,2025-02-06 18:45:37,2025-03-03 15:03:07,Resolved,3.0,596.2916666666666
5f7ad4f9,1016,Support,India,2024-12-16 22:48:46,2025-01-22 10:52:05,Resolved,5.0,876.0552777777777
4e1c9e5e,1035,Delivery,USA,2024-12-18 11:06:57,2025-03-07 04:49:55,Resolved,4.0,1889.716111111111
0142dc6d,1049,Delivery,Brazil,2025-02-10 08:20:32,2025-02-10 08:20:32,Resolved,5.0,0.0
488ffe02,1039,Eats,Mexico,2024-12-19 10:40:34,2025-01-22 13:26:43,Pending,5.0,818.7691666666667
09d050fa,1003,Support,India,2025-02-07 20:56:37,2025-02-07 20:56:37,Resolved,4.0,0.0
9c4590ae,1001,Freight,Mexico,2025-03-12 14:21:54,2025-03-12 14:21:54,Resolved,4.0,0.0
37ab55b6,1005,Rides,Brazil,2025-01-16 21:06:25,2025-02-11 08:21:01,Resolved,2.0,611.2433333333333
0e93e22f,1041,Eats,Brazil,2025-01-16 02:03:53,2025-02-08 02:51:58,Pending,2.0,552.8013888888889
129fd40a,1003,Delivery,Philippines,2025-02-27 23:33:03,2025-03-14 00:19:23,Resolved,1.0,336.77222222222224
793dc720,1028,Freight,India,2025-02-21 08:27:45,2025-02-21 08:27:45,Resolved,4.0,0.0
12dd0318,1017,Freight,Brazil,2024-12-24 01:08:38,2025-01-30 03:29:04,Resolved,4.0,890.3405555555555
ca76197d,1025,Rides,Philippines,2024-12-23 06:10:05,2024-12-23 06:10:05,Resolved,4.0,0.0
6b62f9be,1043,Delivery,Philippines,2025-02-18 15:59:21,2025-02-18 15:59:21,Resolved,4.0,0.0
f9db635d,1033,Support,Mexico,2025-01-16 12:07:04,2025-01-16 12:07:04,Pending,4.0,0.0
656dd390,1009,Freight,Mexico,2025-02-24 16:10:40,2025-02-24 16:10:40,Resolved,4.0,0.0
7b8f7ac2,1035,Rides,Philippines,2025-02-18 15:14:29,2025-02-18 15:14:29,Pending,5.0,0.0
e67aee1e,1013,Support,Mexico,2025-01-17 05:06:56,2025-02-04 05:33:33,Resolved,1.0,432.4436111111111
6ebc55a7,1030,Delivery,Brazil,2025-02-08 02:52:49,2025-02-08 02:52:49,Resolved,3.0,0.0
8f91a8f5,1047,Freight,USA,2025-01-02 20:55:11,2025-01-29 06:33:20,Resolved,5.0,633.6358333333334
b92a1398,1014,Support,Brazil,2024-12-16 11:27:28,2024-12-29 19:10:01,Resolved,4.0,319.70916666666665
619ee13f,1007,Support,Philippines,2025-02-24 04:52:13,2025-02-24 04:52:13,Pending,4.0,0.0
d4f071df,1013,Support,Philippines,2025-01-08 13:24:29,2025-01-22 07:54:15,Resolved,3.0,330.49611111111113
9565111d,1022,Freight,Brazil,2025-03-05 08:37:53,2025-03-05 08:37:53,Resolved,4.0,0.0
d85b9056,1039,Freight,Mexico,2025-02-23 03:24:51,2025-02-23 03:24:51,Resolved,3.0,0.0
5691dd74,1020,Eats,Mexico,2025-01-16 13:22:15,2025-01-16 13:22:15,Resolved,3.0,0.0
9a1c86a0,1015,Delivery,Philippines,2025-02-03 06:19:46,2025-02-03 06:19:46,Resolved,4.0,0.0
bf8c31bc,1044,Rides,India,2024-12-26 09:14:23,2025-01-23 04:29:44,Resolved,4.0,667.2558333333334
d8569739,1017,Support,Mexico,2025-02-24 09:35:51,2025-03-10 07:07:54,Resolved,5.0,333.5341666666667
ae664659,1046,Eats,Brazil,2024-12-23 12:03:28,2025-01-15 21:47:35,Pending,5.0,561.7352777777778
b94c3cfd,1023,Rides,Mexico,2025-01-12 05:38:08,2025-01-12 05:38:08,Resolved,4.0,0.0
02ed9757,1025,Eats,Brazil,2025-01-02 15:08:35,2025-01-02 15:08:35,Resolved,5.0,0.0
229ae9cf,1024,Freight,Philippines,2024-12-15 14:39:26,2025-02-23 20:04:18,Resolved,3.0,1685.4144444444444
f7d22e73,1044,Support,Mexico,2024-12-18 23:11:22,2025-01-02 15:43:31,Resolved,4.0,352.53583333333336
962b000c,1040,Rides,Brazil,2025-01-25 15:32:19,2025-02-19 19:21:40,Resolved,5.0,603.8225
3d881db7,1028,Rides,Philippines,2025-01-22 07:49:05,2025-01-22 07:49:05,Resolved,4.0,0.0
e0cce0a4,1014,Rides,India,2025-01-15 07:08:02,2025-02-13 07:00:56,Pending,4.0,695.8816666666667
d80eeaa5,1044,Rides,Brazil,2025-01-11 06:58:04,2025-02-15 16:20:58,Resolved,3.0,849.3816666666667
bc7b4702,1000,Rides,India,2025-02-09 14:04:56,2025-02-09 14:04:56,Resolved,4.0,0.0
7fc16a7a,1024,Eats,India,2024-12-20 01:48:12,2025-02-06 23:54:38,Resolved,5.0,1174.1072222222222
9b08b6ea,1006,Support,USA,2025-01-31 12:10:28,2025-01-31 12:10:28,Resolved,5.0,0.0
c5d40ef2,1008,Freight,Mexico,2025-03-11 11:24:06,2025-03-11 11:24:06,Resolved,5.0,0.0
49fa9710,1023,Freight,Brazil,2025-02-05 04:44:07,2025-02-05 04:44:07,Resolved,5.0,0.0
8d829952,1000,Freight,India,2024-12-25 09:35:20,2024-12-31 21:46:34,Resolved,4.0,156.18722222222223
c1c89f96,1043,Freight,USA,2025-03-04 14:39:06,2025-03-08 03:57:39,Resolved,4.0,85.30916666666667
8fd6e1db,1007,Eats,Philippines,2025-01-24 10:42:43,2025-03-11 10:36:08,Resolved,2.0,1103.8902777777778
d9bcdd1b,1023,Delivery,Brazil,2025-01-12 04:28:22,2025-01-12 04:28:22,Resolved,4.0,0.0
6f5eb6ac,1010,Support,India,2025-01-28 04:46:55,2025-01-28 04:46:55,Pending,4.0,0.0
cf06d4ab,1016,Rides,Mexico,2024-12-15 05:10:04,2025-01-20 19:52:54,Resolved,,878.7138888888888
73e64869,1007,Delivery,USA,2025-01-08 16:11:06,2025-01-13 12:24:41,Resolved,4.0,116.22638888888889
50fa5445,1034,Freight,India,2025-02-24 07:17:26,2025-02-24 07:17:26,Resolved,4.0,0.0
c235b1bc,1034,Delivery,Mexico,2025-02-18 05:25:19,2025-02-18 05:25:19,Resolved,4.0,0.0
091b3af2,1032,Support,India,2025-01-13 21:57:31,2025-02-12 22:36:32,Resolved,4.0,720.6502777777778
c4b0b790,1004,Rides,Brazil,2025-01-28 10:48:29,2025-01-28 10:48:29,Resolved,5.0,0.0
26ccba03,1041,Rides,Brazil,2024-12-25 17:22:49,2024-12-25 17:22:49,Pending,3.0,0.0
baa15b01,1038,Support,Brazil,2025-01-05 03:18:19,2025-01-27 04:14:42,Resolved,4.0,528.9397222222223
b2d9db61,1040,Support,USA,2024-12-30 04:25:46,2025-02-23 18:24:27,Resolved,5.0,1333.9780555555556
a43122e4,1027,Freight,Brazil,2024-12-30 20:30:45,2025-02-20 07:24:31,Resolved,4.0,1234.8961111111112
0c89760a,1006,Rides,Mexico,2025-01-09 00:42:30,2025-02-14 12:02:19,Resolved,3.0,875.3302777777777
4eb65331,1008,Delivery,India,2025-02-26 12:58:43,2025-02-28 07:12:53,Resolved,4.0,42.236111111111114
de9b0847,1007,Eats,Philippines,2025-01-28 06:51:18,2025-01-28 19:53:00,Resolved,5.0,13.028333333333334
fa899f97,1011,Eats,Mexico,2025-01-09 02:29:47,2025-01-31 23:38:10,Pending,2.0,549.1397222222222
d0996694,1033,Support,Mexico,2025-02-21 13:58:46,2025-03-05 04:42:53,Resolved,5.0,278.73527777777775
fae80140,1032,Freight,Brazil,2025-03-03 17:45:29,2025-03-03 17:45:29,Resolved,5.0,0.0
9b47305c,1047,Eats,USA,2025-02-08 06:19:16,2025-02-22 07:09:10,Resolved,4.0,336.83166666666665
166e3588,1022,Rides,India,2025-03-08 22:27:47,2025-03-08 22:27:47,Pending,,0.0
242f1ba3,1023,Support,USA,2025-02-05 17:29:11,2025-02-05 17:29:11,Resolved,5.0,0.0
a76072d4,1036,Delivery,India,2025-03-14 10:36:35,2025-03-14 10:36:35,Resolved,5.0,0.0
82cd2dcb,1034,Support,India,2024-12-20 20:47:34,2025-01-16 18:24:24,Resolved,5.0,645.6138888888889
1a766e0f,1043,Delivery,USA,2025-03-02 22:31:06,2025-03-02 22:31:06,Resolved,3.0,0.0
7a74a56e,1039,Support,Mexico,2025-03-02 10:44:04,2025-03-02 10:44:04,Resolved,3.0,0.0
fccb6694,1021,Support,India,2025-01-31 19:56:27,2025-01-31 19:56:27,Resolved,4.0,0.0
f66480db,1026,Support,USA,2025-02-07 05:10:07,2025-03-03 21:44:11,Resolved,3.0,592.5677777777778
0379883c,1034,Delivery,India,2025-01-10 04:43:02,2025-02-26 08:59:35,Pending,4.0,1132.2758333333334
4e26a86a,1000,Delivery,Philippines,2025-01-26 19:35:15,2025-01-26 19:35:15,Resolved,5.0,0.0
b743eaba,1034,Support,Mexico,2024-12-18 02:47:09,2025-02-23 13:38:56,Resolved,5.0,1618.8630555555555
9f5ab552,1036,Eats,Brazil,2024-12-24 08:12:48,2025-02-09 20:03:24,Resolved,4.0,1139.8433333333332
f964502a,1046,Freight,India,2025-02-03 18:23:49,2025-02-03 18:23:49,Resolved,5.0,0.0
4ceea5f2,1013,Freight,Philippines,2025-01-10 12:49:53,2025-02-11 18:48:09,Resolved,5.0,773.9711111111111
b5d0bedd,1002,Freight,Brazil,2025-02-16 09:16:26,2025-02-27 10:05:38,Resolved,4.0,264.82
1bcef729,1000,Delivery,Brazil,2025-02-21 09:07:08,2025-02-21 09:07:08,Resolved,3.0,0.0
d8f361c6,1004,Delivery,India,2024-12-27 09:54:27,2025-01-30 08:25:44,Resolved,4.0,814.5213888888889
458841da,1025,Eats,USA,2025-02-10 22:04:18,2025-02-10 22:04:18,Resolved,5.0,0.0
aa93f1d6,1013,Freight,India,2025-01-16 19:40:07,2025-02-21 20:10:01,Resolved,4.0,864.4983333333333
6a62d7bc,1038,Freight,Philippines,2025-02-22 12:03:06,2025-02-22 12:03:06,Pending,4.0,0.0
178d0a9a,1026,Support,Brazil,2025-01-24 15:25:19,2025-01-24 15:25:19,Resolved,2.0,0.0
ce5adac8,1008,Delivery,India,2025-03-11 20:32:02,2025-03-11 20:32:02,Resolved,5.0,0.0
d503e8cf,1014,Freight,USA,2025-03-05 21:42:34,2025-03-05 21:42:34,Resolved,5.0,0.0
71b8a920,1014,Eats,India,2025-01-20 11:40:00,2025-01-27 17:36:59,Resolved,5.0,173.94972222222222
6908fa4d,1025,Eats,Mexico,2025-01-20 18:53:26,2025-03-03 09:30:08,Resolved,,998.6116666666667
b9451eda,1041,Freight,USA,2025-01-14 14:08:21,2025-01-23 01:53:45,Resolved,5.0,203.75666666666666
22b3262c,1012,Delivery,Philippines,2024-12-17 15:02:18,2025-02-19 05:28:01,Resolved,5.0,1526.4286111111112
b2059133,1031,Eats,Brazil,2025-03-08 02:42:28,2025-03-08 02:42:28,Resolved,5.0,0.0
8b8e062a,1038,Support,India,2024-12-20 09:37:09,2025-02-04 10:29:22,Resolved,5.0,1104.8702777777778
3a3df539,1048,Eats,USA,2025-01-25 07:36:46,2025-02-23 00:19:28,Resolved,4.0,688.7116666666667
e51c3c6b,1031,Rides,Mexico,2025-02-24 18:39:29,2025-02-24 18:39:29,Resolved,1.0,0.0
e11921f5,1003,Rides,USA,2025-02-18 01:14:53,2025-02-18 01:14:53,Resolved,4.0,0.0
8b8d1ad1,1029,Delivery,Mexico,2025-01-14 06:43:33,2025-03-13 20:47:23,Resolved,4.0,1406.0638888888889
be87bafc,1036,Freight,Philippines,2025-01-08 20:18:07,2025-01-30 18:47:59,Resolved,3.0,526.4977777777777
369dad94,1022,Delivery,Brazil,2025-02-14 17:35:32,2025-03-01 13:54:41,Resolved,3.0,356.31916666666666
45780572,1038,Delivery,Philippines,2025-02-20 11:18:59,2025-02-20 11:18:59,Pending,,0.0
465fe042,1044,Delivery,India,2025-01-31 04:59:23,2025-02-01 08:15:01,Resolved,5.0,27.260555555555555
c5e5d191,1014,Delivery,USA,2025-01-12 07:04:15,2025-01-20 16:10:15,Pending,5.0,201.1
162c6b59,1042,Support,Mexico,2025-02-20 14:33:02,2025-02-20 14:33:02,Resolved,4.0,0.0
a22ebad1,1028,Support,Mexico,2024-12-17 17:07:18,2025-02-08 05:37:32,Resolved,1.0,1260.503888888889
a009a1f7,1035,Eats,USA,2025-02-22 09:05:23,2025-03-09 03:12:09,Resolved,2.0,354.11277777777775
b60d78ed,1012,Rides,USA,2025-02-20 18:47:39,2025-02-20 18:47:39,Resolved,3.0,0.0
70f6111e,1031,Delivery,India,2025-02-20 22:11:59,2025-02-20 22:11:59,Pending,1.0,0.0
1bbef4ad,1006,Eats,Philippines,2024-12-20 00:58:24,2025-02-11 16:40:57,Resolved,1.0,1287.7091666666668
af455c4e,1021,Rides,Mexico,2025-01-27 05:03:45,2025-02-17 17:55:49,Resolved,5.0,516.8677777777777
57c3ca1b,1027,Freight,India,2025-01-14 20:14:29,2025-01-26 20:09:13,Resolved,5.0,287.9122222222222
beaa33f7,1001,Support,Philippines,2025-01-30 01:10:40,2025-02-24 19:34:29,Resolved,3.0,618.3969444444444
f3981da2,1041,Rides,India,2024-12-15 19:33:15,2025-02-24 14:12:24,Resolved,2.0,1698.6525
c3bd1116,1044,Freight,Mexico,2024-12-24 15:53:37,2024-12-24 15:53:37,Resolved,4.0,0.0
4928d18a,1005,Rides,USA,2025-02-14 10:51:43,2025-03-02 16:32:36,Resolved,1.0,389.6813888888889
e141bcd5,1027,Support,USA,2025-02-06 10:58:27,2025-02-24 06:36:58,Resolved,5.0,427.64194444444445
c32c3db8,1027,Support,Philippines,2024-12-30 08:13:54,2025-01-04 16:05:31,Resolved,4.0,127.86027777777778
c704e02d,1043,Eats,Brazil,2025-03-13 18:35:14,2025-03-13 18:35:14,Resolved,4.0,0.0
fa7fb5ef,1043,Delivery,Philippines,2025-03-14 03:29:42,2025-03-14 03:29:42,Resolved,4.0,0.0
f96a356b,1019,Rides,Brazil,2025-01-12 20:37:38,2025-02-03 16:15:18,Pending,2.0,523.6277777777777
187bdd0d,1029,Rides,India,2025-02-12 03:58:48,2025-03-06 17:16:41,Resolved,4.0,541.2980555555556
fbc74e5e,1010,Freight,India,2025-03-04 05:41:59,2025-03-04 05:41:59,Resolved,5.0,0.0
a9266e86,1027,Support,Mexico,2025-01-12 14:11:24,2025-01-12 14:11:24,Resolved,4.0,0.0
176d0387,1024,Rides,Brazil,2025-01-23 16:51:28,2025-01-23 16:51:28,Resolved,2.0,0.0
5c252999,1038,Support,Mexico,2024-12-17 21:40:09,2025-02-19 17:31:31,Resolved,4.0,1531.8561111111112
f56f0e7d,1032,Rides,USA,2025-01-03 21:47:20,2025-02-11 08:18:40,Pending,4.0,922.5222222222222
b2cd9f3b,1000,Eats,Brazil,2024-12-30 17:42:20,2025-02-23 15:03:54,Resolved,5.0,1317.3594444444445
90b5a5cc,1026,Delivery,Philippines,2025-02-22 11:20:50,2025-02-22 11:20:50,Pending,4.0,0.0
b8989488,1012,Rides,USA,2025-01-12 19:22:28,2025-01-17 19:57:06,Resolved,4.0,120.57722222222222
d0acd11c,1040,Support,USA,2025-01-17 12:04:59,2025-02-17 14:32:06,Resolved,4.0,746.4519444444444
10d9c232,1002,Eats,Philippines,2025-02-20 16:26:19,2025-02-20 16:26:19,Resolved,4.0,0.0
267d4b7c,1038,Rides,USA,2025-02-06 11:42:42,2025-02-06 11:42:42,Resolved,4.0,0.0
67382651,1005,Freight,Brazil,2025-02-10 13:26:32,2025-02-10 13:26:32,Resolved,4.0,0.0
6f31fd37,1007,Delivery,Mexico,2025-01-22 22:49:12,2025-03-11 02:37:04,Resolved,4.0,1131.7977777777778
648334f6,1026,Rides,USA,2025-02-08 14:23:20,2025-02-08 14:23:20,Resolved,5.0,0.0
23ad65a1,1008,Eats,Brazil,2025-02-17 20:30:08,2025-03-07 01:06:16,Resolved,4.0,412.6022222222222
ca07f77d,1036,Freight,India,2025-01-05 01:05:44,2025-02-14 11:12:46,Resolved,5.0,970.1172222222223
6dd59371,1032,Eats,Brazil,2024-12-23 20:22:02,2025-02-24 08:25:36,Resolved,4.0,1500.0594444444444
7e9b3817,1041,Eats,Mexico,2025-01-05 12:32:05,2025-01-21 09:33:31,Resolved,5.0,381.0238888888889
fc541047,1043,Freight,Brazil,2025-01-17 18:18:18,2025-02-10 02:02:32,Resolved,5.0,559.7372222222223
6440c869,1023,Eats,Philippines,2025-01-20 10:30:07,2025-02-02 09:14:16,Resolved,4.0,310.73583333333335
079b0074,1014,Freight,Mexico,2025-02-12 04:44:35,2025-02-13 02:49:27,Resolved,5.0,22.08111111111111
12aeb7fd,1031,Rides,India,2024-12-25 11:40:48,2024-12-25 11:40:48,Resolved,2.0,0.0
13145d67,1031,Freight,Philippines,2025-01-05 13:22:21,2025-02-23 03:27:43,Resolved,5.0,1166.0894444444446
c5e1eefa,1023,Freight,Brazil,2025-02-08 00:15:55,2025-02-27 04:33:59,Pending,4.0,460.3011111111111
35235ab4,1040,Delivery,Mexico,2025-02-03 02:29:55,2025-02-28 11:00:50,Resolved,2.0,608.5152777777778
586eb429,1048,Freight,India,2025-03-03 03:57:26,2025-03-03 03:57:26,Resolved,4.0,0.0
2987caab,1048,Freight,Philippines,2025-03-05 15:34:54,2025-03-05 15:34:54,Resolved,,0.0
20662ed7,1011,Rides,India,2025-02-18 18:40:06,2025-02-18 18:40:06,Resolved,2.0,0.0
2223ebe4,1038,Delivery,Brazil,2025-03-11 11:49:48,2025-03-11 11:49:48,Resolved,4.0,0.0
88fc5c34,1001,Support,India,2024-12-25 14:04:42,2025-02-22 09:02:07,Resolved,5.0,1410.9569444444444
930c132e,1002,Rides,USA,2025-03-07 02:25:18,2025-03-07 02:25:18,Resolved,5.0,0.0
3c234dfc,1048,Rides,Philippines,2025-03-09 18:38:56,2025-03-09 18:38:56,Resolved,4.0,0.0
aa49902f,1036,Support,India,2025-02-16 15:54:34,2025-02-16 15:54:34,Resolved,3.0,0.0
9e0efb55,1048,Freight,Brazil,2025-02-04 13:49:12,2025-03-06 06:48:26,Resolved,1.0,712.9872222222223
57f378e9,1016,Eats,Brazil,2025-01-27 07:09:38,2025-03-03 01:04:51,Resolved,4.0,833.9202777777778
f843bf3f,1048,Delivery,India,2025-02-20 05:43:49,2025-03-10 07:34:28,Pending,4.0,433.8441666666667
3190f86c,1001,Eats,Brazil,2025-01-20 07:01:22,2025-01-20 07:01:22,Resolved,5.0,0.0
b317969c,1001,Support,Mexico,2025-01-10 19:25:32,2025-01-10 19:25:32,Pending,2.0,0.0
90ca945f,1027,Rides,Mexico,2025-02-12 23:36:13,2025-02-20 10:43:09,Resolved,4.0,179.11555555555555
cc878b3b,1022,Rides,Mexico,2025-02-13 14:22:11,2025-02-13 14:22:11,Resolved,1.0,0.0
5959524b,1036,Delivery,USA,2024-12-15 10:59:01,2025-02-11 16:49:31,Resolved,3.0,1397.8416666666667
5eba7b3d,1031,Rides,India,2024-12-16 10:37:54,2024-12-20 04:30:51,Resolved,4.0,89.8825
478082fb,1032,Rides,USA,2025-01-19 13:06:15,2025-02-06 21:09:18,Resolved,4.0,440.05083333333334
d7b4e54f,1000,Delivery,Brazil,2025-03-08 16:54:34,2025-03-08 16:54:34,Resolved,4.0,0.0
fe7b7bdc,1018,Delivery,USA,2025-03-08 18:06:27,2025-03-08 18:06:27,Resolved,5.0,0.0
abb748a0,1001,Support,Brazil,2025-02-22 16:18:39,2025-03-02 23:12:47,Resolved,4.0,198.90222222222224
4d5048cb,1043,Rides,Brazil,2024-12-16 12:27:44,2025-02-03 13:55:57,Resolved,,1177.4702777777777
84928e90,1025,Rides,Philippines,2024-12-24 01:43:52,2025-01-28 05:58:06,Resolved,5.0,844.2372222222223
0606b942,1031,Support,Mexico,2025-01-22 13:43:14,2025-01-22 13:43:14,Resolved,4.0,0.0
fab0d0a6,1005,Freight,Brazil,2025-01-17 04:35:37,2025-01-27 18:00:17,Resolved,5.0,253.4111111111111
b65cefac,1031,Freight,Philippines,2025-03-08 22:07:08,2025-03-08 22:07:08,Pending,4.0,0.0
8765ed1d,1003,Freight,Mexico,2025-01-03 16:12:22,2025-02-08 15:05:29,Pending,2.0,862.8852777777778
72c1c555,1010,Support,Brazil,2024-12-23 15:44:29,2025-03-03 04:39:25,Resolved,5.0,1668.9155555555556
74386a7c,1016,Rides,Brazil,2025-01-24 07:17:43,2025-02-19 03:30:07,Resolved,2.0,620.2066666666667
0dc1e6c6,1037,Support,USA,2025-02-10 19:46:12,2025-02-10 19:46:12,Resolved,4.0,0.0
ca8d7103,1023,Support,USA,2025-01-14 14:28:01,2025-01-14 14:28:01,Resolved,5.0,0.0
0f530768,1004,Freight,Mexico,2024-12-31 09:34:35,2025-01-14 12:00:40,Resolved,2.0,338.4347222222222
7c88a7e3,1033,Eats,Brazil,2025-01-15 20:36:40,2025-01-25 07:25:12,Resolved,3.0,226.8088888888889
e3fb3acb,1005,Rides,India,2025-02-24 07:38:17,2025-02-24 07:38:17,Resolved,5.0,0.0
ff17df9c,1021,Freight,USA,2025-01-26 22:39:31,2025-02-13 09:11:54,Resolved,4.0,418.5397222222222
55941ace,1010,Eats,Mexico,2025-02-21 23:39:34,2025-02-21 23:39:34,Resolved,3.0,0.0
fa1970de,1047,Eats,Brazil,2025-01-23 07:00:18,2025-01-23 07:00:18,Resolved,4.0,0.0
660fc8a2,1015,Delivery,Brazil,2025-01-26 20:05:13,2025-02-07 15:39:34,Pending,4.0,283.5725
d30e0cc8,1032,Rides,India,2024-12-25 05:31:44,2025-01-05 04:47:16,Resolved,4.0,263.25888888888886
b17ad6f8,1008,Eats,Mexico,2025-01-20 13:48:57,2025-01-23 08:20:09,Resolved,,66.52
3fde8ed3,1005,Freight,Brazil,2025-01-11 05:55:43,2025-03-11 12:59:45,Pending,4.0,1423.0672222222222
29d07d31,1015,Delivery,USA,2025-02-06 09:17:20,2025-02-06 09:17:20,Resolved,4.0,0.0
c188835f,1028,Rides,India,2025-02-21 19:13:11,2025-02-21 19:13:11,Resolved,5.0,0.0
e86aec7e,1002,Support,Mexico,2025-01-29 06:54:42,2025-01-29 06:54:42,Resolved,5.0,0.0
ac1de611,1019,Freight,India,2024-12-18 01:00:36,2024-12-18 01:00:36,Resolved,2.0,0.0
dceef1f7,1035,Eats,USA,2025-03-01 15:56:48,2025-03-08 07:57:20,Resolved,3.0,160.0088888888889
43a3b549,1018,Eats,Mexico,2025-01-25 21:33:26,2025-03-09 07:19:58,Resolved,3.0,1017.7755555555556
97155005,1025,Freight,India,2025-03-03 10:59:14,2025-03-09 17:44:13,Pending,4.0,150.74972222222223
5ed327f6,1002,Eats,Philippines,2025-01-14 08:16:12,2025-02-14 09:28:20,Resolved,4.0,745.2022222222222
e5e257e8,1018,Delivery,USA,2025-01-19 12:10:28,2025-01-19 12:10:28,Resolved,4.0,0.0
0a6b4bde,1019,Rides,USA,2024-12-26 06:28:48,2024-12-26 06:28:48,Resolved,5.0,0.0
5e3da04a,1031,Delivery,USA,2025-03-06 16:32:58,2025-03-06 16:32:58,Resolved,5.0,0.0
de0e7273,1006,Eats,Philippines,2024-12-21 14:09:19,2025-02-10 06:11:08,Resolved,2.0,1216.0302777777779
2134bcc3,1040,Support,Philippines,2024-12-17 23:41:04,2025-01-13 16:44:06,Resolved,3.0,641.0505555555555
5613d6b8,1032,Rides,Brazil,2025-02-27 01:20:40,2025-02-27 01:20:40,Resolved,4.0,0.0
bbbd0399,1039,Rides,India,2025-01-15 07:20:21,2025-02-22 13:53:26,Resolved,4.0,918.5513888888889
f247dc5a,1038,Freight,Brazil,2025-02-06 17:38:18,2025-03-02 15:23:32,Pending,4.0,573.7538888888889
1adbc7b5,1017,Freight,India,2025-02-22 03:00:57,2025-02-22 03:00:57,Resolved,5.0,0.0
02d9233e,1039,Support,Philippines,2025-02-15 19:47:33,2025-02-24 20:03:45,Resolved,3.0,216.27
534d3a40,1000,Rides,Philippines,2025-02-12 01:26:39,2025-02-12 01:26:39,Resolved,4.0,0.0
3e7d54e8,1010,Support,Brazil,2024-12-20 12:23:08,2025-01-22 20:44:14,Pending,5.0,800.3516666666667
f6289031,1027,Freight,Mexico,2025-02-24 21:49:31,2025-02-24 21:49:31,Resolved,4.0,0.0
197bbc7c,1024,Freight,Brazil,2025-02-04 14:02:29,2025-03-13 07:18:43,Pending,3.0,881.2705555555556
65de10c0,1049,Rides,India,2025-02-07 09:05:59,2025-02-07 09:05:59,Resolved,4.0,0.0
26261343,1022,Delivery,Brazil,2025-03-10 16:52:02,2025-03-10 16:52:02,Resolved,2.0,0.0
a1c54e11,1030,Eats,USA,2025-02-28 12:59:39,2025-03-03 20:58:32,Resolved,5.0,79.98138888888889
73e2670b,1029,Freight,India,2025-01-15 21:13:28,2025-02-01 04:22:37,Resolved,2.0,391.1525
1d563814,1041,Freight,India,2025-02-13 19:24:07,2025-02-13 19:24:07,Resolved,4.0,0.0
e2445695,1034,Delivery,Mexico,2025-01-24 01:33:43,2025-01-25 10:07:08,Resolved,4.0,32.55694444444445
afa65bfc,1006,Delivery,Philippines,2024-12-21 09:44:03,2025-01-15 15:14:58,Resolved,,605.5152777777778
516ee552,1015,Support,India,2025-02-18 10:46:38,2025-02-18 10:46:38,Resolved,3.0,0.0
11cb770b,1025,Support,Philippines,2025-02-27 07:55:39,2025-02-27 07:55:39,Pending,2.0,0.0
db76be03,1047,Eats,Brazil,2024-12-25 21:53:58,2025-02-10 12:08:21,Resolved,1.0,1118.2397222222223
a34d05d1,1048,Eats,USA,2025-02-20 09:46:33,2025-02-20 09:46:33,Pending,3.0,0.0
9a4e29c5,1001,Rides,Mexico,2025-02-22 15:45:26,2025-02-22 15:45:26,Resolved,3.0,0.0
48d7240d,1000,Support,Philippines,2025-01-19 22:54:11,2025-01-19 22:54:11,Resolved,4.0,0.0
b52875af,1047,Freight,India,2025-02-14 18:12:45,2025-02-14 18:12:45,Resolved,3.0,0.0
e90deb2e,1011,Support,Philippines,2025-02-11 20:26:12,2025-02-22 23:17:38,Resolved,1.0,266.8572222222222
665db3bd,1004,Freight,India,2025-01-15 03:45:39,2025-02-28 12:42:45,Resolved,5.0,1064.9516666666666
2579217a,1036,Delivery,Philippines,2025-03-06 00:10:57,2025-03-06 00:10:57,Resolved,4.0,0.0
cbb12aa2,1031,Support,India,2025-03-14 03:19:15,2025-03-14 03:19:15,Resolved,4.0,0.0
f34403e8,1008,Delivery,Brazil,2025-03-03 16:06:57,2025-03-12 02:27:07,Pending,3.0,202.3361111111111
430dd2bd,1040,Eats,India,2025-01-19 05:38:35,2025-02-26 15:26:20,Resolved,,921.7958333333333
6f3b53a3,1034,Eats,India,2025-02-09 06:22:04,2025-02-09 06:22:04,Resolved,3.0,0.0
0aac8839,1018,Rides,USA,2024-12-28 18:01:10,2024-12-28 18:01:10,Pending,5.0,0.0
d202e697,1047,Support,India,2025-03-09 22:00:03,2025-03-09 22:00:03,Resolved,5.0,0.0
874cb8f4,1015,Delivery,USA,2025-03-05 13:03:08,2025-03-05 13:03:08,Resolved,2.0,0.0
e3075557,1002,Freight,Mexico,2025-01-17 20:39:04,2025-02-13 10:52:51,Resolved,,638.2297222222222
d31df81f,1019,Eats,USA,2025-03-10 16:55:48,2025-03-10 16:55:48,Resolved,3.0,0.0
420d7817,1023,Eats,Brazil,2024-12-24 23:39:25,2025-02-26 05:19:03,Resolved,2.0,1517.6605555555554
ea8a2dda,1032,Freight,USA,2025-02-27 23:15:30,2025-03-14 06:54:24,Resolved,5.0,343.6483333333333
4d43dd7d,1023,Delivery,Mexico,2025-01-24 02:04:46,2025-02-02 06:41:24,Resolved,5.0,220.61055555555555
412356ac,1010,Delivery,Brazil,2025-03-14 07:23:14,2025-03-14 07:23:14,Resolved,4.0,0.0
da104860,1048,Support,Philippines,2025-02-13 05:21:09,2025-02-13 05:21:09,Resolved,3.0,0.0
4900df83,1007,Support,Philippines,2025-02-25 18:23:55,2025-03-13 12:52:26,Resolved,4.0,378.47527777777776
6983c7c7,1035,Rides,USA,2024-12-31 02:08:36,2025-02-03 21:35:22,Resolved,5.0,835.4461111111111
b17e1a1c,1037,Eats,USA,2025-01-09 07:46:17,2025-01-09 07:46:17,Resolved,3.0,0.0
0f2f1e7c,1039,Support,Mexico,2025-01-20 22:05:56,2025-01-20 22:05:56,Resolved,3.0,0.0
661f81da,1019,Delivery,Mexico,2025-02-26 18:44:52,2025-02-26 18:44:52,Resolved,1.0,0.0
89dfe737,1034,Freight,India,2024-12-20 04:55:50,2025-01-21 22:08:49,Pending,3.0,785.2163888888889
b1bf4391,1047,Delivery,Mexico,2025-02-17 09:26:38,2025-02-17 09:26:38,Resolved,5.0,0.0
32049293,1024,Eats,India,2024-12-15 19:46:38,2025-03-05 09:24:57,Resolved,4.0,1909.638611111111
7e38889d,1034,Delivery,Brazil,2025-01-03 15:48:50,2025-01-03 15:48:50,Resolved,,0.0
21a55129,1024,Rides,USA,2025-01-01 04:34:47,2025-01-24 03:21:24,Resolved,4.0,550.7769444444444
72c17e59,1028,Eats,Brazil,2024-12-21 00:13:50,2025-01-22 17:43:32,Resolved,5.0,785.495
1d9c766e,1017,Freight,Mexico,2025-03-02 05:39:32,2025-03-12 06:42:01,Resolved,3.0,241.0413888888889
526f78fa,1045,Rides,Brazil,2025-01-21 23:58:30,2025-03-02 03:49:58,Resolved,4.0,939.8577777777778
f3a475ec,1017,Eats,Brazil,2025-03-07 14:50:18,2025-03-07 14:50:18,Resolved,3.0,0.0
cd339a1c,1001,Freight,Brazil,2025-02-25 18:04:26,2025-02-25 18:04:26,Resolved,3.0,0.0
d1f39ef7,1034,Rides,Mexico,2025-01-19 09:51:42,2025-01-19 09:51:42,Pending,4.0,0.0
36b1fb80,1015,Rides,Brazil,2025-01-07 04:10:35,2025-03-07 15:15:17,Resolved,,1427.0783333333334
31eead64,1040,Eats,India,2024-12-16 05:48:23,2025-03-13 22:20:40,Resolved,4.0,2104.5380555555557
f9213c2e,1035,Support,Mexico,2024-12-24 10:36:52,2025-01-01 19:49:35,Resolved,3.0,201.21194444444444
a8457759,1032,Rides,Brazil,2025-02-15 03:52:12,2025-02-16 10:55:28,Resolved,1.0,31.054444444444446
e162a542,1003,Rides,Mexico,2025-01-11 01:31:55,2025-01-11 01:31:55,Resolved,2.0,0.0
b95743b1,1032,Freight,Philippines,2025-02-27 03:14:04,2025-03-03 23:49:49,Resolved,4.0,116.59583333333333
20d50f9b,1013,Delivery,India,2025-01-13 21:20:03,2025-01-13 21:20:03,Resolved,5.0,0.0
ef938586,1020,Eats,Brazil,2025-01-25 22:43:55,2025-01-25 22:43:55,Resolved,5.0,0.0
1ed36199,1047,Eats,Philippines,2025-01-02 15:30:56,2025-01-02 15:30:56,Resolved,1.0,0.0
ecd7ae36,1019,Support,Philippines,2025-02-04 03:46:53,2025-02-04 03:46:53,Resolved,4.0,0.0
58d34df7,1007,Support,Mexico,2024-12-17 19:47:58,2025-02-13 18:34:10,Resolved,4.0,1390.77
89c00203,1006,Eats,Philippines,2025-01-09 15:31:02,2025-01-09 15:31:02,Resolved,4.0,0.0
9ad27f5e,1002,Support,India,2025-02-22 05:34:14,2025-02-22 05:34:14,Resolved,4.0,0.0
53272922,1016,Freight,India,2024-12-15 23:11:12,2024-12-30 17:34:09,Resolved,4.0,354.3825
c516f152,1032,Eats,USA,2024-12-20 13:13:51,2025-02-13 10:44:28,Resolved,4.0,1317.5102777777777
04392b2f,1047,Support,India,2025-01-02 11:28:53,2025-01-16 10:24:30,Pending,2.0,334.9269444444444
bfa79e77,1011,Eats,Philippines,2025-01-05 23:47:14,2025-01-06 23:25:53,Resolved,5.0,23.644166666666667
92e5894f,1021,Delivery,India,2025-02-13 00:17:52,2025-02-13 00:17:52,Resolved,2.0,0.0
144a6e64,1021,Rides,Mexico,2025-01-10 04:40:03,2025-02-25 21:05:52,Resolved,4.0,1120.4302777777777
3e3dc9cd,1045,Eats,USA,2025-01-04 06:33:07,2025-01-24 01:22:58,Resolved,4.0,474.8308333333333
f4586bdc,1029,Rides,Philippines,2025-02-11 03:00:50,2025-02-11 03:00:50,Resolved,4.0,0.0
fb19e57c,1037,Support,USA,2025-03-12 06:03:36,2025-03-12 06:03:36,Resolved,5.0,0.0
5b931d8b,1037,Rides,Philippines,2025-02-02 21:20:34,2025-02-17 21:25:49,Resolved,5.0,360.0875
ff98d725,1044,Eats,Mexico,2025-01-22 06:01:07,2025-02-03 14:12:26,Resolved,5.0,296.18861111111113
1c864953,1007,Delivery,USA,2025-01-19 18:49:00,2025-02-18 10:50:34,Resolved,4.0,712.0261111111112
bd7d0613,1026,Support,Brazil,2025-02-02 09:25:58,2025-03-04 20:02:13,Resolved,5.0,730.6041666666666
0046323f,1026,Eats,Philippines,2025-02-11 00:25:18,2025-02-11 00:25:18,Resolved,4.0,0.0
2f9898d9,1033,Support,Brazil,2025-01-30 05:18:23,2025-01-30 05:18:23,Pending,5.0,0.0
ddd08ea3,1020,Freight,USA,2025-03-02 05:29:25,2025-03-02 05:29:25,Resolved,4.0,0.0
17518ae0,1029,Rides,Brazil,2025-03-07 17:11:34,2025-03-07 17:11:34,Resolved,,0.0
c64fcd60,1032,Freight,Brazil,2025-01-13 06:38:53,2025-02-19 10:44:08,Resolved,5.0,892.0875
c2f9a20b,1027,Eats,USA,2024-12-20 06:50:42,2025-03-09 01:42:44,Pending,5.0,1890.8672222222222
a0a5ea4a,1046,Delivery,Mexico,2025-01-29 16:13:36,2025-02-07 12:51:58,Resolved,3.0,212.63944444444445
1d3e9ab0,1032,Support,Brazil,2024-12-19 16:19:40,2024-12-23 18:47:35,Resolved,2.0,98.46527777777777
3653f2bd,1004,Rides,Brazil,2025-02-27 07:26:11,2025-02-27 07:26:11,Resolved,5.0,0.0
fa37589f,1047,Support,Mexico,2025-02-11 12:38:49,2025-02-11 12:38:49,Resolved,3.0,0.0
132b042e,1018,Eats,Brazil,2025-02-23 19:19:55,2025-02-23 19:19:55,Resolved,5.0,0.0
3e8391f9,1003,Support,Brazil,2025-01-31 22:05:07,2025-01-31 22:05:07,Resolved,4.0,0.0
b73b2891,1034,Rides,Brazil,2025-02-07 10:29:30,2025-02-07 10:29:30,Resolved,4.0,0.0
e6722827,1048,Eats,India,2025-02-19 10:09:55,2025-03-02 15:22:39,Resolved,5.0,269.21222222222224
66485dc2,1016,Support,Mexico,2025-01-19 17:01:49,2025-01-19 17:01:49,Resolved,4.0,0.0
14259322,1043,Delivery,Brazil,2025-03-01 00:18:17,2025-03-01 00:18:17,Pending,4.0,0.0
91cc2d78,1027,Eats,Mexico,2025-03-12 19:24:22,2025-03-12 19:24:22,Resolved,4.0,0.0
66d83845,1029,Eats,Philippines,2024-12-25 15:46:09,2025-02-11 17:14:49,Resolved,4.0,1153.4777777777779
e33eba28,1028,Delivery,Philippines,2025-03-07 13:12:46,2025-03-07 13:12:46,Resolved,5.0,0.0
a1613683,1045,Freight,Brazil,2025-01-25 20:41:22,2025-02-13 07:35:50,Pending,3.0,442.90777777777777
f633ff48,1005,Rides,Mexico,2025-03-10 15:27:43,2025-03-10 15:27:43,Resolved,5.0,0.0
936bbd09,1034,Freight,Mexico,2025-02-07 19:43:47,2025-03-13 19:27:39,Pending,5.0,815.7311111111111
9a1d1e64,1040,Support,Mexico,2025-01-22 01:39:09,2025-02-18 09:50:30,Resolved,3.0,656.1891666666667
daeaa996,1036,Delivery,India,2025-01-10 19:47:33,2025-01-10 19:47:33,Resolved,5.0,0.0
ff419450,1023,Freight,Philippines,2024-12-28 01:02:14,2025-01-28 00:15:28,Resolved,4.0,743.2205555555555
ae444b60,1028,Eats,Mexico,2025-01-10 21:09:28,2025-02-14 09:56:12,Pending,3.0,828.7788888888889
2e3a0325,1048,Support,Mexico,2025-01-27 21:20:30,2025-01-27 21:20:30,Resolved,,0.0
c30b3aa9,1045,Support,India,2025-02-05 13:33:35,2025-02-05 13:33:35,Pending,1.0,0.0
45d1de95,1030,Freight,India,2025-01-28 16:38:07,2025-01-28 16:38:07,Pending,3.0,0.0
a61d1b01,1034,Freight,Mexico,2025-02-24 09:58:34,2025-02-24 09:58:34,Resolved,4.0,0.0
5f9ff5c8,1032,Delivery,USA,2025-02-28 21:18:10,2025-02-28 21:18:10,Resolved,4.0,0.0
c855cbc0,1020,Rides,Mexico,2024-12-27 13:05:57,2025-02-06 10:43:40,Pending,4.0,981.6286111111111
aaaba219,1031,Freight,Mexico,2025-01-21 17:16:50,2025-01-21 17:16:50,Resolved,5.0,0.0
36ad0f58,1022,Freight,India,2024-12-17 19:52:14,2024-12-31 18:47:08,Resolved,4.0,334.915
501102f1,1032,Eats,India,2025-01-22 08:30:34,2025-01-22 08:30:34,Resolved,4.0,0.0
09c17b06,1002,Support,Mexico,2025-03-05 18:36:26,2025-03-05 18:36:26,Resolved,2.0,0.0
e8d8445a,1017,Rides,Mexico,2025-02-01 13:07:38,2025-02-01 13:07:38,Pending,4.0,0.0
306b80f9,1024,Eats,Mexico,2025-01-05 02:00:00,2025-01-10 19:50:16,Resolved,3.0,137.83777777777777
247e2124,1041,Delivery,India,2025-01-24 14:13:09,2025-02-22 04:07:16,Resolved,3.0,685.9019444444444
122a798f,1030,Delivery,Mexico,2025-01-29 08:43:47,2025-02-16 20:41:47,Resolved,4.0,443.96666666666664
4a4ac9da,1002,Freight,Mexico,2025-01-12 09:58:35,2025-01-12 09:58:35,Resolved,3.0,0.0
3516be6d,1039,Freight,Brazil,2025-02-26 08:29:56,2025-02-26 08:29:56,Pending,3.0,0.0
e630f388,1045,Delivery,USA,2025-03-09 15:50:02,2025-03-09 15:50:02,Resolved,3.0,0.0
91f3e694,1023,Freight,Philippines,2025-03-08 15:35:18,2025-03-08 15:35:18,Resolved,5.0,0.0
555056a8,1049,Rides,USA,2025-01-31 20:39:56,2025-02-28 03:51:53,Resolved,5.0,655.1991666666667
09155a6f,1031,Freight,Brazil,2025-02-20 00:15:04,2025-02-20 00:15:04,Resolved,4.0,0.0
06dc5989,1046,Support,Philippines,2024-12-30 00:09:35,2025-03-12 06:11:36,Pending,5.0,1734.0336111111112
dce542e6,1021,Freight,Mexico,2025-01-01 06:06:28,2025-03-06 00:46:01,Resolved,5.0,1530.6591666666666
5869e6ab,1022,Eats,Brazil,2025-02-05 01:35:21,2025-02-05 01:35:21,Resolved,4.0,0.0
5471e76c,1001,Rides,Mexico,2025-01-27 05:01:10,2025-01-27 05:01:10,Resolved,1.0,0.0
4b48fc55,1026,Eats,India,2025-02-04 07:40:17,2025-02-04 07:40:17,Pending,5.0,0.0
dc34c164,1041,Eats,Brazil,2025-01-21 04:20:55,2025-03-04 22:40:32,Resolved,5.0,1026.3269444444445
b6848ff6,1001,Support,India,2025-01-05 14:39:00,2025-01-10 03:34:01,Resolved,4.0,108.91694444444444
2c34741a,1025,Rides,Brazil,2025-02-28 21:43:42,2025-02-28 21:43:42,Resolved,5.0,0.0
0041f9a9,1016,Rides,Brazil,2024-12-20 11:13:33,2025-02-28 09:09:48,Pending,4.0,1677.9375
1d3719ba,1039,Rides,India,2025-02-10 01:13:53,2025-02-10 14:11:03,Resolved,5.0,12.952777777777778
7b63e110,1032,Rides,Philippines,2025-02-20 19:36:42,2025-02-20 19:36:42,Resolved,5.0,0.0
846bbce2,1008,Rides,USA,2024-12-15 06:43:24,2025-02-28 06:15:01,Resolved,4.0,1799.5269444444446
3fdce87e,1042,Support,Mexico,2025-02-16 23:33:47,2025-02-16 23:33:47,Resolved,5.0,0.0
e7f17b62,1047,Freight,Brazil,2025-01-13 13:00:50,2025-01-25 05:18:02,Resolved,4.0,280.2866666666667
536c2860,1038,Eats,Mexico,2025-01-17 20:40:05,2025-02-23 15:57:37,Pending,4.0,883.2922222222222
fd586a02,1028,Rides,India,2025-03-13 11:20:14,2025-03-13 11:20:14,Resolved,5.0,0.0
59244609,1041,Freight,Mexico,2025-01-25 21:21:35,2025-01-25 21:21:35,Resolved,1.0,0.0
7756116d,1025,Freight,India,2025-03-04 01:47:30,2025-03-08 03:14:19,Resolved,4.0,97.44694444444444
ec662017,1034,Eats,Mexico,2025-01-06 01:34:46,2025-01-29 19:16:33,Resolved,3.0,569.6963888888889
aef8ab5a,1049,Support,USA,2025-01-21 00:05:14,2025-02-22 07:27:15,Resolved,4.0,775.3669444444445
5b41ae13,1024,Delivery,USA,2025-01-15 23:13:15,2025-03-02 18:25:00,Pending,4.0,1099.1958333333334
e2ceef16,1023,Delivery,USA,2025-01-04 09:28:22,2025-02-01 08:44:30,Resolved,5.0,671.2688888888889
17dfca10,1012,Freight,USA,2024-12-19 04:39:42,2025-01-16 23:30:23,Resolved,2.0,690.8447222222222
a165d47a,1006,Eats,USA,2025-02-14 11:00:18,2025-02-21 19:37:26,Resolved,4.0,176.61888888888888
f294ce70,1035,Delivery,USA,2025-01-22 14:05:53,2025-01-29 07:59:18,Resolved,3.0,161.89027777777778
2a1149cf,1044,Freight,India,2025-01-16 21:34:02,2025-02-16 03:54:45,Resolved,5.0,726.3452777777778
780853b1,1019,Support,Brazil,2025-02-03 18:43:23,2025-02-03 18:43:23,Resolved,5.0,0.0
741ec572,1000,Delivery,Mexico,2025-01-12 12:21:32,2025-02-15 15:19:10,Pending,,818.9605555555555
3c803b08,1007,Freight,USA,2025-02-24 09:47:05,2025-02-24 09:47:05,Resolved,5.0,0.0
8279646e,1045,Freight,India,2025-02-18 05:10:11,2025-02-18 05:10:11,Resolved,5.0,0.0
a4e7ea7a,1015,Rides,India,2025-02-07 12:19:20,2025-02-07 12:19:20,Pending,3.0,0.0
23201724,1013,Support,India,2025-02-17 17:25:33,2025-02-17 17:25:33,Resolved,3.0,0.0
3f8cceee,1011,Rides,Brazil,2025-02-19 14:06:20,2025-03-04 20:23:45,Resolved,4.0,318.29027777777776
856518c9,1022,Eats,Mexico,2025-03-10 10:27:31,2025-03-14 10:25:18,Resolved,5.0,95.96305555555556
40a449d4,1014,Rides,Brazil,2025-01-06 18:53:16,2025-01-21 22:18:10,Resolved,5.0,363.415
b3f066f6,1027,Rides,Philippines,2025-01-08 00:21:20,2025-02-27 20:08:30,Resolved,3.0,1219.786111111111
7e4f2a04,1033,Delivery,India,2025-03-04 12:42:38,2025-03-04 12:42:38,Resolved,5.0,0.0
77aa63f2,1001,Freight,Philippines,2025-02-23 22:03:27,2025-02-23 22:03:27,Resolved,4.0,0.0
48bbdf62,1031,Support,USA,2025-01-01 15:54:22,2025-03-01 10:53:22,Resolved,4.0,1410.9833333333333
d14b0630,1022,Rides,USA,2025-01-10 12:03:38,2025-01-10 12:03:38,Resolved,3.0,0.0
4110119b,1021,Support,Brazil,2025-02-01 09:15:10,2025-02-01 09:15:10,Resolved,2.0,0.0
02bfa8d5,1024,Rides,Mexico,2025-01-16 06:08:41,2025-01-16 06:08:41,Resolved,4.0,0.0
1809fcf6,1021,Eats,Philippines,2025-02-12 07:01:06,2025-02-14 02:02:32,Resolved,4.0,43.02388888888889
e7640b81,1021,Rides,Mexico,2024-12-15 16:22:17,2025-01-31 13:26:49,Resolved,3.0,1125.0755555555556
77b752ee,1048,Delivery,Brazil,2025-02-20 14:55:11,2025-02-20 14:55:11,Pending,4.0,0.0
7362e79e,1041,Freight,USA,2025-01-20 00:56:58,2025-02-27 03:46:44,Resolved,5.0,914.8294444444444
05579889,1005,Eats,Mexico,2025-02-28 19:37:43,2025-03-02 06:51:09,Resolved,5.0,35.22388888888889
5faa10f5,1014,Rides,Mexico,2024-12-31 16:42:01,2025-01-13 20:30:26,Pending,5.0,315.80694444444447
492fd260,1042,Support,USA,2025-02-17 22:21:57,2025-03-04 03:22:21,Resolved,4.0,341.00666666666666
b25e3394,1036,Eats,Philippines,2025-02-23 01:20:59,2025-02-23 01:20:59,Resolved,3.0,0.0
742b1ceb,1032,Eats,USA,2025-02-18 15:56:11,2025-02-18 15:56:11,Resolved,5.0,0.0
68bd08f5,1007,Rides,Mexico,2025-01-25 14:19:55,2025-01-25 14:19:55,Pending,4.0,0.0
6eae5604,1043,Eats,Philippines,2024-12-27 16:48:58,2025-03-14 00:40:01,Resolved,2.0,1831.8508333333334
7d44985f,1043,Support,Philippines,2025-03-05 00:05:05,2025-03-05 14:12:30,Resolved,3.0,14.123611111111112
c869bf0e,1004,Eats,USA,2025-02-13 22:49:09,2025-02-19 20:30:59,Pending,4.0,141.69722222222222
5ef4cfbb,1038,Support,Mexico,2024-12-24 16:36:58,2025-03-12 04:03:45,Resolved,3.0,1859.4463888888888
d2a742cd,1003,Rides,Brazil,2025-02-10 22:35:48,2025-03-14 05:46:46,Resolved,3.0,751.1827777777778
7ec25eaa,1005,Freight,Mexico,2025-02-05 05:58:12,2025-02-12 16:31:38,Resolved,3.0,178.5572222222222
de614d56,1044,Eats,India,2025-02-15 13:05:03,2025-02-15 13:05:03,Resolved,1.0,0.0
7de273f6,1031,Freight,Brazil,2025-03-08 16:29:42,2025-03-08 16:29:42,Resolved,4.0,0.0
3fe57dae,1029,Support,Philippines,2025-02-19 12:55:04,2025-02-19 12:55:04,Resolved,4.0,0.0
102c3c7d,1046,Eats,Brazil,2025-01-14 20:45:00,2025-03-06 02:06:02,Resolved,4.0,1205.3505555555555
6d3e2cf5,1034,Delivery,Philippines,2025-02-24 09:39:31,2025-02-25 03:07:47,Pending,3.0,17.47111111111111
fa33a41b,1039,Freight,Philippines,2025-02-05 22:05:42,2025-02-05 22:05:42,Resolved,3.0,0.0
e00630e7,1015,Eats,Brazil,2025-02-23 00:14:42,2025-02-23 00:14:42,Resolved,4.0,0.0
f325146e,1012,Freight,Philippines,2025-01-27 16:49:41,2025-02-23 09:26:03,Resolved,4.0,640.6061111111111
a46d808e,1049,Eats,Philippines,2024-12-31 17:19:27,2024-12-31 17:19:27,Resolved,4.0,0.0
71237028,1041,Rides,India,2024-12-18 08:43:42,2024-12-24 23:46:31,Resolved,4.0,159.04694444444445
9bbd2d80,1029,Freight,Mexico,2025-03-02 11:27:17,2025-03-02 11:27:17,Resolved,5.0,0.0
4b130ca0,1018,Delivery,Mexico,2025-02-26 00:37:45,2025-02-26 00:37:45,Resolved,3.0,0.0
43f7714e,1016,Delivery,India,2025-02-13 20:39:13,2025-02-13 20:39:13,Resolved,4.0,0.0
edd4daab,1018,Support,Brazil,2025-02-19 04:12:03,2025-02-19 04:12:03,Resolved,4.0,0.0
6a609cb1,1027,Eats,USA,2025-02-17 17:05:23,2025-02-17 17:05:23,Resolved,4.0,0.0
d2c5fa6a,1025,Freight,USA,2024-12-22 22:17:53,2025-01-24 04:41:05,Resolved,3.0,774.3866666666667
9581f1f7,1036,Support,USA,2025-01-30 15:29:38,2025-01-30 15:29:38,Resolved,4.0,0.0
9c3952e6,1025,Freight,India,2025-02-25 16:47:30,2025-02-25 16:47:30,Resolved,5.0,0.0
9d26eeb7,1022,Eats,India,2025-01-12 19:44:56,2025-02-24 13:16:08,Resolved,3.0,1025.52
8ef8b20f,1008,Delivery,Philippines,2025-01-02 01:31:03,2025-03-07 20:29:19,Resolved,2.0,1554.9711111111112
b654b995,1011,Rides,USA,2025-01-28 03:22:20,2025-02-16 19:11:53,Pending,3.0,471.8258333333333
b936ee5a,1000,Delivery,Brazil,2025-03-01 05:29:56,2025-03-01 05:29:56,Resolved,5.0,0.0
98a60a37,1000,Support,Brazil,2024-12-27 08:52:15,2025-01-09 09:41:58,Resolved,2.0,312.8286111111111
4cc75c74,1046,Rides,USA,2025-01-28 11:54:08,2025-02-20 11:36:53,Resolved,,551.7125
d211023e,1033,Support,USA,2025-01-22 04:42:11,2025-03-10 10:48:01,Resolved,4.0,1134.0972222222222
51600b50,1031,Eats,USA,2025-02-13 16:22:33,2025-02-14 22:46:28,Resolved,,30.398611111111112
180184fb,1047,Rides,India,2025-01-28 19:01:54,2025-02-27 16:20:08,Resolved,5.0,717.3038888888889
76b0afbd,1024,Support,India,2024-12-30 23:45:33,2025-01-22 03:49:48,Resolved,4.0,532.0708333333333
c2302b2a,1039,Eats,India,2025-01-25 15:14:15,2025-01-25 15:14:15,Pending,3.0,0.0
fc0814a5,1044,Delivery,Mexico,2025-02-21 11:59:11,2025-02-21 11:59:11,Resolved,3.0,0.0
e2344ff5,1000,Eats,Brazil,2025-02-26 23:38:26,2025-02-26 23:38:26,Pending,3.0,0.0
32e69c28,1015,Freight,Brazil,2025-02-05 05:13:53,2025-02-05 05:13:53,Resolved,5.0,0.0
c5277885,1038,Eats,Philippines,2025-02-28 12:24:11,2025-02-28 12:24:11,Resolved,3.0,0.0
e08ad966,1004,Eats,India,2025-01-05 06:32:56,2025-01-05 06:32:56,Resolved,3.0,0.0
9164b3b5,1021,Freight,Mexico,2025-01-21 05:35:26,2025-03-06 02:07:45,Resolved,4.0,1052.538611111111
c89b5be6,1028,Support,Mexico,2024-12-20 04:43:54,2025-01-01 15:17:20,Resolved,5.0,298.5572222222222
367af6a2,1002,Support,Brazil,2024-12-23 16:57:51,2025-02-07 15:02:36,Pending,3.0,1102.0791666666667
e9e0d6c8,1011,Eats,India,2025-01-11 08:17:51,2025-01-11 08:17:51,Resolved,1.0,0.0
03d2e060,1025,Freight,Philippines,2024-12-26 13:39:52,2025-01-05 11:15:16,Resolved,2.0,237.59
e701ab0d,1015,Freight,India,2025-02-24 21:39:47,2025-02-24 21:39:47,Resolved,5.0,0.0
71fd18d3,1036,Delivery,USA,2025-01-04 19:13:19,2025-01-19 04:04:27,Resolved,4.0,344.8522222222222
cd2b0c79,1021,Support,India,2025-02-27 02:36:20,2025-02-27 02:36:20,Resolved,3.0,0.0
1a4adfb0,1028,Rides,USA,2025-01-29 14:34:21,2025-03-07 22:20:38,Resolved,3.0,895.7713888888889
636f0ece,1013,Support,USA,2025-02-27 17:43:13,2025-02-27 17:43:13,Resolved,3.0,0.0
1961e7d5,1027,Support,Philippines,2025-02-27 05:06:24,2025-02-27 05:06:24,Resolved,2.0,0.0
c175159a,1004,Delivery,Brazil,2025-01-30 08:42:59,2025-03-02 05:10:43,Resolved,5.0,740.4622222222222
24a84894,1046,Rides,India,2025-02-15 00:10:20,2025-02-15 00:10:20,Pending,5.0,0.0
8563800c,1048,Delivery,USA,2024-12-18 17:51:42,2025-02-09 05:01:54,Resolved,4.0,1259.17
254d6511,1029,Rides,India,2025-03-01 01:51:17,2025-03-01 01:51:17,Resolved,5.0,0.0
b55193a7,1045,Eats,Brazil,2025-02-28 19:20:57,2025-02-28 19:20:57,Resolved,3.0,0.0
07b289d6,1004,Rides,Brazil,2025-01-18 05:15:32,2025-01-26 05:49:03,Pending,5.0,192.5586111111111
382b3e47,1011,Delivery,Mexico,2025-02-10 03:56:11,2025-02-25 01:21:25,Resolved,5.0,357.42055555555555
77f9dd0d,1015,Support,Brazil,2025-02-20 05:07:45,2025-02-20 05:07:45,Pending,4.0,0.0
9d706c95,1025,Rides,Philippines,2025-02-20 15:52:04,2025-02-20 15:52:04,Resolved,5.0,0.0
f4d91cf8,1025,Rides,USA,2024-12-16 12:37:55,2025-02-20 11:46:05,Resolved,3.0,1583.1361111111112
70e0995c,1047,Freight,Mexico,2025-02-25 07:26:46,2025-03-14 05:37:07,Resolved,3.0,406.1725
ef213c01,1020,Support,Philippines,2025-01-29 00:36:23,2025-01-29 00:36:23,Pending,2.0,0.0
e580aff3,1038,Eats,India,2025-01-06 06:04:59,2025-01-23 12:34:11,Resolved,4.0,414.4866666666667
21b2ccac,1035,Delivery,USA,2025-01-24 20:50:01,2025-02-21 19:05:21,Resolved,5.0,670.2555555555556
97e94835,1032,Eats,Brazil,2025-01-01 02:25:36,2025-01-08 02:48:28,Resolved,5.0,168.38111111111112
eee3e8e4,1029,Support,USA,2025-01-21 06:25:16,2025-01-21 06:25:16,Resolved,4.0,0.0
76d4f33c,1036,Rides,India,2025-01-21 01:23:22,2025-02-12 12:56:22,Resolved,5.0,539.55
44417ab8,1022,Rides,Mexico,2025-03-03 06:39:13,2025-03-03 06:39:13,Resolved,5.0,0.0
05efff9e,1009,Support,Mexico,2025-02-02 22:16:30,2025-02-02 22:16:30,Pending,3.0,0.0
eb4ec737,1004,Rides,Mexico,2025-01-20 22:42:08,2025-02-14 00:41:41,Resolved,4.0,577.9925
86b17466,1035,Rides,Brazil,2025-01-30 19:53:05,2025-02-02 23:52:48,Resolved,2.0,75.99527777777777
ef5406e5,1033,Rides,Philippines,2024-12-26 09:36:11,2025-01-30 11:06:06,Resolved,4.0,841.4986111111111
529ce353,1030,Delivery,Philippines,2025-01-10 08:05:37,2025-01-29 12:13:49,Resolved,5.0,460.13666666666666
debfee8e,1009,Delivery,USA,2025-01-23 19:03:48,2025-01-29 14:33:00,Resolved,2.0,139.48666666666668
e4eaa820,1018,Freight,Brazil,2024-12-22 16:13:12,2025-03-02 02:55:21,Resolved,5.0,1666.7025
bd461d4d,1031,Eats,Mexico,2025-01-19 21:00:17,2025-01-19 21:00:17,Resolved,4.0,0.0
2c8f7126,1000,Support,Mexico,2025-01-20 23:41:51,2025-02-01 10:22:37,Pending,4.0,274.67944444444447
a9bf4f71,1004,Support,India,2025-02-01 19:41:36,2025-02-11 00:47:13,Pending,4.0,221.0936111111111
7ed6c542,1044,Support,India,2024-12-23 05:42:34,2024-12-23 05:42:34,Resolved,4.0,0.0
06d9afd9,1003,Freight,Mexico,2025-03-11 23:03:15,2025-03-11 23:03:15,Pending,1.0,0.0
20a96a87,1015,Delivery,Mexico,2025-02-22 07:57:13,2025-02-22 07:57:13,Resolved,3.0,0.0
9f10adf5,1023,Freight,Brazil,2025-02-06 08:35:56,2025-02-06 08:35:56,Resolved,1.0,0.0
e9e9e71f,1015,Support,Philippines,2025-02-12 00:10:12,2025-02-22 13:38:56,Resolved,4.0,253.4788888888889
9da9b09f,1001,Eats,India,2025-01-11 06:56:18,2025-02-06 08:54:06,Resolved,2.0,625.9633333333334
251b5624,1048,Rides,Philippines,2025-01-22 02:28:41,2025-01-22 02:28:41,Resolved,5.0,0.0
8d629ea1,1027,Delivery,Brazil,2025-01-31 18:40:15,2025-02-25 07:02:32,Pending,4.0,588.3713888888889
dda917cf,1031,Delivery,Mexico,2025-01-31 23:45:04,2025-02-06 10:05:58,Resolved,4.0,130.34833333333333
53df0e36,1026,Freight,Philippines,2025-01-06 23:53:38,2025-03-04 20:42:20,Pending,4.0,1364.8116666666667
2a1c1327,1019,Delivery,Mexico,2024-12-16 15:19:44,2025-02-16 22:03:50,Resolved,4.0,1494.735
b2e60d69,1023,Support,Mexico,2024-12-22 20:30:18,2025-02-02 05:26:30,Resolved,5.0,992.9366666666666
664d07f0,1011,Support,USA,2024-12-23 21:35:02,2025-02-13 00:55:06,Pending,2.0,1227.3344444444444
22b2dde6,1049,Freight,Philippines,2025-02-05 01:05:41,2025-02-05 01:05:41,Resolved,3.0,0.0
d2d28e00,1034,Support,Philippines,2024-12-16 09:21:15,2025-01-18 01:12:24,Resolved,5.0,783.8525
ffae6a33,1032,Eats,Mexico,2025-02-16 09:26:28,2025-02-16 09:26:28,Resolved,2.0,0.0
8c5d93da,1032,Freight,Brazil,2025-02-24 20:03:39,2025-03-05 11:37:47,Resolved,2.0,207.5688888888889
ccfdc701,1042,Eats,USA,2025-02-05 15:51:22,2025-02-20 10:01:48,Resolved,4.0,354.1738888888889
a2f51513,1036,Rides,Mexico,2025-01-25 23:09:21,2025-01-26 02:44:56,Resolved,2.0,3.5930555555555554
fb5427c4,1011,Eats,India,2025-02-06 06:11:54,2025-02-19 22:26:55,Resolved,4.0,328.2502777777778
6fd3367c,1002,Rides,India,2025-02-10 21:16:21,2025-02-10 21:16:21,Pending,3.0,0.0
99c4941d,1000,Rides,USA,2025-02-22 12:47:36,2025-02-22 12:47:36,Resolved,5.0,0.0
38807bd2,1032,Eats,Brazil,2025-01-09 02:06:33,2025-02-22 01:25:53,Resolved,5.0,1055.3222222222223
074e1c04,1039,Freight,Mexico,2025-01-05 03:47:52,2025-01-05 03:47:52,Resolved,4.0,0.0
f0ac6c21,1009,Support,Philippines,2025-01-30 15:38:53,2025-01-30 15:38:53,Pending,4.0,0.0
07155fc4,1042,Support,USA,2025-01-28 10:31:09,2025-03-11 18:48:06,Resolved,5.0,1016.2825
4618a881,1043,Rides,Brazil,2025-02-23 10:54:50,2025-03-04 00:39:32,Resolved,3.0,205.745
1a086fb6,1028,Rides,Philippines,2025-03-02 06:18:21,2025-03-02 06:18:21,Resolved,5.0,0.0
dcfaf3ea,1012,Freight,India,2025-01-05 02:52:26,2025-03-02 11:58:56,Resolved,5.0,1353.1083333333333
fd5e74b6,1011,Delivery,India,2025-01-25 11:18:10,2025-01-26 10:11:10,Resolved,5.0,22.883333333333333
ce81db14,1030,Eats,Philippines,2024-12-27 17:59:52,2025-01-28 21:49:45,Resolved,4.0,771.8313888888889
df3b4dc7,1045,Rides,USA,2025-01-06 06:37:16,2025-01-06 06:37:16,Resolved,3.0,0.0
b7bdcb9e,1001,Support,India,2025-02-16 21:29:35,2025-03-08 12:04:01,Resolved,4.0,470.5738888888889
65ca2466,1049,Freight,Mexico,2025-03-10 13:34:43,2025-03-10 13:34:43,Resolved,5.0,0.0
18fe37d6,1034,Eats,Philippines,2025-02-19 02:30:13,2025-02-27 09:25:38,Pending,1.0,198.92361111111111
7c10a2e1,1022,Freight,Philippines,2025-02-13 14:31:17,2025-03-10 05:19:40,Pending,5.0,590.8063888888889
9866afdf,1016,Eats,India,2025-03-03 08:33:29,2025-03-03 08:33:29,Resolved,3.0,0.0
119ff993,1025,Eats,USA,2025-02-15 07:13:23,2025-02-15 07:13:23,Pending,2.0,0.0
7ca7e207,1007,Rides,Mexico,2025-01-15 15:53:18,2025-02-08 19:14:16,Resolved,2.0,579.3494444444444
a0992c5e,1028,Freight,USA,2025-01-08 12:54:07,2025-01-21 13:22:51,Resolved,1.0,312.4788888888889
9ca39993,1025,Freight,Brazil,2025-02-05 20:58:25,2025-02-08 22:50:23,Resolved,4.0,73.86611111111111
d4266665,1009,Support,Brazil,2025-02-03 09:14:56,2025-02-03 09:14:56,Resolved,3.0,0.0
08ae709d,1025,Support,India,2025-01-22 23:55:36,2025-02-10 08:04:59,Resolved,,440.1563888888889
293ce323,1033,Rides,India,2025-01-18 23:32:00,2025-01-18 23:32:00,Pending,4.0,0.0
1dd09e51,1040,Rides,India,2025-02-10 04:35:51,2025-02-10 04:35:51,Resolved,2.0,0.0
267ca158,1006,Delivery,Brazil,2025-01-01 07:07:20,2025-03-05 05:21:25,Pending,4.0,1510.2347222222222
bf06ac0b,1003,Support,USA,2024-12-18 06:09:38,2025-01-07 19:48:20,Resolved,5.0,493.645
d4a41f39,1049,Eats,USA,2025-01-08 00:43:33,2025-01-11 13:31:03,Resolved,5.0,84.79166666666667
30371428,1044,Freight,India,2025-03-08 20:42:49,2025-03-08 20:42:49,Resolved,2.0,0.0
e792f5d6,1010,Rides,Mexico,2025-01-24 11:25:07,2025-02-03 23:15:11,Resolved,5.0,251.83444444444444
fdd9aba1,1028,Freight,USA,2024-12-21 03:15:29,2024-12-21 03:15:29,Resolved,5.0,0.0
2fd4e398,1035,Freight,Brazil,2025-03-03 09:21:23,2025-03-03 09:21:23,Resolved,3.0,0.0
6e4c4b00,1024,Delivery,Philippines,2025-02-25 13:20:33,2025-02-25 13:20:33,Resolved,2.0,0.0
26db58bf,1020,Support,Philippines,2025-01-20 06:36:41,2025-02-18 15:20:08,Resolved,4.0,704.7241666666666
5a3d6936,1035,Rides,Philippines,2025-01-31 20:57:16,2025-01-31 20:57:16,Resolved,3.0,0.0
4357af50,1009,Freight,Mexico,2025-03-14 14:16:00,2025-03-14 14:16:00,Resolved,5.0,0.0
2097d0b4,1036,Rides,India,2025-01-02 11:15:22,2025-01-02 11:15:22,Resolved,4.0,0.0
521cbb49,1008,Eats,Brazil,2025-01-24 10:31:36,2025-03-03 15:22:36,Resolved,5.0,916.85
b0281cf7,1023,Delivery,Mexico,2025-01-15 19:54:44,2025-02-14 04:26:39,Resolved,4.0,704.5319444444444
f8bfc6fa,1034,Eats,Brazil,2024-12-20 07:51:03,2025-02-13 10:54:19,Resolved,3.0,1323.0544444444445
f1d7da39,1048,Rides,Brazil,2025-02-20 22:16:45,2025-02-20 22:16:45,Pending,2.0,0.0
1584f458,1034,Rides,India,2025-01-02 06:29:40,2025-02-15 13:58:54,Resolved,4.0,1063.4872222222223
4813d68c,1047,Support,Philippines,2024-12-20 07:26:38,2025-01-12 12:30:21,Pending,5.0,557.0619444444444
17753255,1035,Freight,India,2025-01-29 00:36:54,2025-01-29 00:36:54,Resolved,5.0,0.0
e3a7e370,1017,Freight,Mexico,2025-01-25 15:35:50,2025-01-25 15:35:50,Pending,3.0,0.0
28821491,1048,Eats,Mexico,2025-02-11 21:53:04,2025-02-11 21:53:04,Pending,3.0,0.0
b14b46fd,1038,Delivery,Mexico,2025-02-02 21:30:34,2025-02-02 21:30:34,Resolved,1.0,0.0
7c258aff,1031,Freight,India,2025-02-08 12:24:15,2025-02-08 12:24:15,Resolved,4.0,0.0
6b366360,1023,Support,Brazil,2025-02-28 20:16:25,2025-02-28 20:16:25,Resolved,2.0,0.0
430b2c17,1022,Eats,Brazil,2025-01-14 21:23:56,2025-03-07 01:03:46,Resolved,4.0,1227.6638888888888
f5be6c6b,1031,Eats,USA,2025-01-02 20:50:15,2025-02-20 03:27:01,Resolved,4.0,1158.6127777777779
820c5193,1036,Support,Mexico,2025-01-03 06:50:28,2025-02-20 16:45:31,Resolved,5.0,1161.9175
993c4112,1011,Delivery,Brazil,2025-01-09 09:19:41,2025-02-13 06:47:11,Resolved,3.0,837.4583333333334
7aad4484,1048,Support,USA,2024-12-29 15:06:03,2025-01-18 09:58:54,Resolved,3.0,474.8808333333333
7742dbb6,1012,Delivery,Brazil,2025-02-10 11:00:15,2025-02-10 11:00:15,Resolved,4.0,0.0
f9eca8af,1022,Support,Mexico,2025-03-08 00:01:26,2025-03-08 00:01:26,Resolved,4.0,0.0
cfa06c41,1024,Support,Philippines,2025-01-05 20:16:45,2025-02-12 06:11:06,Pending,3.0,897.9058333333334
2e33430b,1034,Rides,Mexico,2025-03-01 14:47:18,2025-03-01 14:47:18,Resolved,5.0,0.0
bd731ab5,1040,Eats,India,2025-02-20 15:55:33,2025-02-20 15:55:33,Resolved,5.0,0.0
1b81c2b4,1029,Support,Brazil,2025-01-30 07:41:19,2025-01-30 07:41:19,Resolved,3.0,0.0
545c6a05,1016,Support,Brazil,2025-03-09 15:30:52,2025-03-09 15:30:52,Resolved,3.0,0.0
4c90aad4,1048,Freight,India,2025-01-29 14:13:54,2025-02-24 18:27:01,Pending,4.0,628.2186111111112
9dd23e27,1019,Eats,India,2025-02-28 11:36:03,2025-02-28 11:36:03,Pending,5.0,0.0
b18693f7,1047,Freight,Philippines,2025-03-06 08:36:18,2025-03-06 08:36:18,Pending,1.0,0.0
e3554cd3,1024,Eats,Brazil,2024-12-31 18:34:55,2025-01-07 19:29:52,Resolved,4.0,168.91583333333332
48ec5c68,1021,Freight,Brazil,2025-01-21 07:40:53,2025-02-06 21:12:06,Resolved,4.0,397.5202777777778
291b9e1e,1012,Support,Philippines,2025-03-05 14:57:45,2025-03-05 14:57:45,Resolved,3.0,0.0
1a4897f5,1018,Support,USA,2025-01-27 01:38:11,2025-01-27 01:38:11,Resolved,4.0,0.0
5387cc52,1048,Rides,Philippines,2025-01-20 20:00:49,2025-01-20 20:00:49,Pending,5.0,0.0
0b2a81e0,1035,Freight,Mexico,2025-01-06 13:25:10,2025-02-20 22:33:11,Resolved,1.0,1089.1336111111111
bb884613,1011,Delivery,Brazil,2025-03-04 19:04:49,2025-03-04 19:04:49,Resolved,3.0,0.0
f9c8502f,1040,Rides,India,2025-01-23 03:15:14,2025-02-14 04:50:34,Resolved,4.0,529.5888888888888
397e0385,1018,Freight,Mexico,2025-03-13 10:02:47,2025-03-13 10:02:47,Resolved,5.0,0.0
0080f99b,1011,Freight,Brazil,2024-12-22 16:36:12,2025-01-24 19:36:19,Resolved,,795.0019444444445
8c11480e,1008,Rides,Philippines,2025-01-01 07:12:45,2025-01-24 22:24:29,Resolved,4.0,567.1955555555555
9a52e70b,1006,Support,Mexico,2024-12-21 10:40:45,2024-12-31 01:19:06,Resolved,5.0,230.63916666666665
91e8d54b,1027,Freight,Brazil,2025-02-03 00:23:00,2025-02-14 23:00:12,Resolved,4.0,286.62
5912e396,1013,Support,USA,2025-01-25 02:01:14,2025-02-11 05:55:33,Resolved,4.0,411.90527777777777
39c9dd5d,1030,Rides,USA,2024-12-16 07:50:35,2025-03-03 13:06:00,Resolved,3.0,1853.2569444444443
fbaacc71,1018,Support,India,2025-01-13 21:15:55,2025-02-25 11:25:39,Resolved,3.0,1022.1622222222222
4df1d4a8,1046,Eats,Brazil,2025-01-10 11:49:43,2025-01-21 19:33:38,Pending,3.0,271.7319444444444
48936e02,1015,Delivery,USA,2024-12-22 19:31:54,2025-02-27 22:52:56,Resolved,4.0,1611.3505555555555
7bb11c6c,1004,Freight,Philippines,2025-02-17 21:52:11,2025-02-17 21:52:11,Resolved,1.0,0.0
f656d4b0,1034,Delivery,Brazil,2025-01-16 04:33:36,2025-01-16 04:33:36,Resolved,5.0,0.0
82208035,1011,Support,Philippines,2025-02-12 03:45:01,2025-03-12 12:28:41,Resolved,3.0,680.7277777777778
c07a18de,1024,Freight,Philippines,2025-03-04 20:30:07,2025-03-04 20:30:07,Pending,3.0,0.0
a186490d,1020,Support,USA,2025-03-03 05:35:55,2025-03-03 05:35:55,Resolved,4.0,0.0
69438120,1035,Eats,Brazil,2024-12-24 05:10:33,2025-02-11 01:47:33,Resolved,5.0,1172.6166666666666
3d874da5,1022,Rides,Mexico,2024-12-16 07:15:52,2025-02-11 09:17:07,Resolved,2.0,1370.0208333333333
8e1fb232,1015,Freight,USA,2024-12-29 10:03:51,2025-01-29 07:51:13,Resolved,3.0,741.7894444444445
e4779357,1038,Eats,USA,2025-01-04 06:31:13,2025-03-08 11:21:46,Resolved,,1516.8425
aa11a211,1044,Eats,Brazil,2024-12-23 03:53:38,2025-01-10 11:41:24,Resolved,3.0,439.7961111111111
9193705b,1041,Freight,Brazil,2025-01-30 06:44:25,2025-01-30 06:44:25,Resolved,3.0,0.0
62c6626e,1038,Support,Philippines,2025-01-18 08:18:25,2025-03-06 18:31:44,Resolved,5.0,1138.2219444444445
76a0c9ed,1013,Eats,Brazil,2025-01-30 13:17:41,2025-02-12 16:22:49,Resolved,2.0,315.0855555555556
081cf971,1030,Delivery,Philippines,2025-01-26 03:56:11,2025-01-26 03:56:11,Pending,4.0,0.0
e2d064ad,1004,Eats,USA,2025-01-06 01:47:04,2025-01-13 18:14:18,Resolved,4.0,184.45388888888888
3080e641,1034,Support,India,2024-12-28 10:45:10,2024-12-28 10:45:10,Resolved,3.0,0.0
9f5a7455,1022,Support,Mexico,2025-01-10 14:19:04,2025-02-15 09:36:24,Resolved,3.0,859.2888888888889
67d2ab99,1028,Delivery,USA,2025-02-23 06:16:14,2025-02-23 06:16:14,Resolved,2.0,0.0
a5f20838,1042,Eats,Brazil,2025-01-27 14:57:50,2025-01-27 14:57:50,Resolved,3.0,0.0
48b10d41,1010,Support,Mexico,2025-02-17 11:31:04,2025-02-17 11:31:04,Resolved,1.0,0.0
b6132a13,1017,Freight,India,2025-03-09 15:34:44,2025-03-09 15:34:44,Resolved,5.0,0.0
b976e85d,1046,Rides,India,2025-01-28 09:46:40,2025-01-28 09:46:40,Resolved,4.0,0.0
dfabca85,1011,Rides,Philippines,2025-02-13 15:02:20,2025-02-21 21:49:38,Resolved,4.0,198.78833333333333
5b63bf30,1008,Rides,Mexico,2025-03-05 15:46:11,2025-03-05 15:46:11,Resolved,5.0,0.0
b5750703,1009,Eats,Philippines,2024-12-28 10:40:27,2025-01-21 06:41:55,Resolved,4.0,572.0244444444445
69d78e2c,1043,Delivery,USA,2025-01-29 12:06:38,2025-02-11 07:28:45,Resolved,1.0,307.36861111111114
66ba05ea,1016,Support,Mexico,2025-01-07 11:10:35,2025-02-18 11:01:13,Pending,5.0,1007.8438888888888
4f5d8c61,1037,Freight,USA,2024-12-20 20:41:54,2025-02-10 00:50:29,Resolved,3.0,1228.1430555555555
6fa0d7e8,1006,Freight,Philippines,2025-02-22 05:07:56,2025-02-22 05:07:56,Resolved,2.0,0.0
734f4efa,1045,Eats,Mexico,2024-12-29 18:08:28,2025-02-02 23:14:12,Resolved,5.0,845.0955555555555
c1e90db3,1012,Rides,Philippines,2024-12-18 11:01:03,2025-01-02 20:42:35,Resolved,4.0,369.6922222222222
fab30317,1039,Eats,Mexico,2025-01-02 16:32:37,2025-02-12 11:53:40,Resolved,4.0,979.3508333333333
831d0fa3,1041,Delivery,Philippines,2025-02-01 04:24:29,2025-02-01 04:24:29,Resolved,3.0,0.0
27fbb0d0,1008,Delivery,India,2025-01-22 01:08:22,2025-01-22 09:11:11,Resolved,4.0,8.046944444444444
2bcff668,1049,Support,Philippines,2025-01-25 22:21:33,2025-01-25 22:21:33,Resolved,3.0,0.0
448a388f,1026,Support,India,2025-01-22 02:02:52,2025-01-22 02:02:52,Resolved,5.0,0.0
d12cc060,1001,Delivery,Philippines,2025-01-27 17:08:50,2025-03-09 02:27:22,Resolved,3.0,969.3088888888889
b555d860,1004,Delivery,Mexico,2024-12-27 01:38:49,2025-02-01 17:08:53,Resolved,5.0,879.5011111111111
99f8dff5,1028,Delivery,Mexico,2025-03-08 07:57:47,2025-03-08 07:57:47,Pending,4.0,0.0
0c5b8c01,1036,Eats,Mexico,2025-01-08 22:09:06,2025-02-26 20:27:06,Resolved,5.0,1174.3
79b3adf2,1037,Delivery,Brazil,2025-02-17 09:41:29,2025-02-22 12:29:57,Resolved,5.0,122.80777777777777
4cdb6046,1018,Freight,USA,2024-12-30 19:31:50,2025-01-30 15:15:38,Resolved,4.0,739.73
4f94d17f,1007,Rides,Mexico,2025-02-12 17:35:08,2025-03-10 17:39:02,Resolved,3.0,624.065
ebbe84fa,1047,Delivery,India,2025-02-23 16:03:03,2025-02-23 16:03:03,Resolved,3.0,0.0
989189a1,1044,Rides,Mexico,2025-03-07 02:27:02,2025-03-07 02:27:02,Resolved,3.0,0.0
6dbfe82e,1000,Eats,Brazil,2025-02-11 08:42:44,2025-03-01 15:44:34,Resolved,5.0,439.03055555555557
0c3447bb,1021,Rides,India,2025-03-08 04:59:40,2025-03-08 04:59:40,Resolved,5.0,0.0
9fba204e,1016,Eats,Brazil,2025-02-14 21:00:13,2025-02-14 21:00:13,Pending,4.0,0.0
7520ea0c,1006,Freight,India,2025-01-11 07:10:38,2025-01-11 07:10:38,Resolved,2.0,0.0
a14d9c2e,1024,Eats,Philippines,2025-01-24 06:01:28,2025-01-31 17:43:47,Resolved,4.0,179.70527777777778
2d73ac6e,1044,Eats,USA,2025-01-23 00:34:25,2025-02-06 17:44:06,Resolved,4.0,353.1613888888889
95681c9d,1003,Support,USA,2025-01-01 04:42:13,2025-01-15 09:42:57,Resolved,4.0,341.01222222222225
4aee1d9e,1035,Delivery,Brazil,2025-02-07 22:04:00,2025-02-23 04:12:47,Resolved,5.0,366.1463888888889
b084e72c,1005,Delivery,USA,2025-02-24 13:19:09,2025-03-09 08:41:40,Pending,,307.3752777777778
d80d92f5,1030,Freight,Brazil,2024-12-31 03:22:23,2025-03-13 21:55:09,Resolved,3.0,1746.546111111111
a8ffc500,1018,Freight,Brazil,2025-03-04 10:12:18,2025-03-04 10:12:18,Resolved,4.0,0.0
cf2d2dfa,1043,Delivery,Brazil,2025-02-05 17:59:02,2025-02-08 08:09:46,Resolved,4.0,62.17888888888889
8fe9235b,1038,Support,USA,2025-03-14 06:47:03,2025-03-14 06:47:03,Resolved,3.0,0.0
6cf48922,1026,Delivery,Brazil,2025-02-28 11:37:00,2025-02-28 11:37:00,Resolved,3.0,0.0
0e172c63,1009,Support,USA,2025-01-13 22:37:13,2025-02-12 05:41:08,Resolved,2.0,703.0652777777777
1fb40f6f,1025,Freight,Brazil,2025-03-12 02:40:02,2025-03-12 02:40:02,Resolved,5.0,0.0
57082b5b,1018,Rides,Mexico,2025-02-28 06:46:26,2025-02-28 06:46:26,Resolved,4.0,0.0
b8239edd,1038,Freight,Brazil,2025-02-28 06:42:47,2025-03-02 09:48:18,Resolved,4.0,51.091944444444444
4a91f5a8,1002,Freight,India,2025-03-11 09:18:46,2025-03-11 09:18:46,Resolved,5.0,0.0
f8abfc98,1044,Eats,Brazil,2025-01-22 01:39:44,2025-02-10 14:14:08,Resolved,5.0,468.5733333333333
7500327e,1012,Eats,Philippines,2024-12-20 18:27:11,2025-02-24 11:43:05,Resolved,2.0,1577.265
78cc3299,1049,Eats,Brazil,2024-12-26 17:27:46,2025-01-05 18:07:56,Resolved,4.0,240.66944444444445
a8a7ba65,1027,Eats,India,2025-02-15 18:14:10,2025-02-15 18:14:10,Resolved,4.0,0.0
748e61ec,1019,Support,India,2024-12-20 19:26:20,2025-02-24 23:07:29,Resolved,5.0,1587.6858333333332
7cbc6a20,1027,Delivery,USA,2025-02-15 08:12:39,2025-02-15 08:12:39,Pending,5.0,0.0
236004a9,1007,Rides,Mexico,2025-02-02 08:38:01,2025-02-02 08:38:01,Resolved,4.0,0.0
96fccc1e,1040,Freight,Brazil,2025-03-09 04:00:46,2025-03-12 05:56:55,Resolved,3.0,73.93583333333333
c858920c,1038,Support,USA,2025-02-18 23:59:59,2025-03-08 06:06:14,Resolved,5.0,414.1041666666667
d9fccf55,1000,Rides,Mexico,2025-03-03 18:30:41,2025-03-06 01:11:10,Resolved,2.0,54.67472222222222
d7193500,1002,Support,Brazil,2025-01-08 08:20:47,2025-01-31 00:40:52,Resolved,3.0,544.3347222222222
fe01018e,1012,Support,Philippines,2025-02-27 09:21:14,2025-02-27 09:21:14,Resolved,3.0,0.0
385a306b,1027,Freight,Brazil,2025-01-16 06:09:43,2025-02-06 09:38:31,Pending,2.0,507.48
3acef1c9,1048,Delivery,India,2024-12-29 22:25:19,2024-12-29 22:25:19,Resolved,3.0,0.0
61793089,1024,Eats,India,2025-02-27 01:09:06,2025-02-27 01:09:06,Resolved,5.0,0.0
30738375,1032,Delivery,Philippines,2025-01-16 23:32:14,2025-01-16 23:32:14,Resolved,5.0,0.0
7fd42303,1037,Freight,USA,2025-01-15 04:47:04,2025-02-04 08:00:26,Resolved,3.0,483.22277777777776
000e239d,1005,Freight,Mexico,2025-02-16 18:27:01,2025-02-16 18:27:01,Resolved,3.0,0.0
33007bde,1043,Freight,Brazil,2025-02-13 04:09:43,2025-02-13 04:09:43,Resolved,3.0,0.0
cbdf3cc3,1044,Rides,India,2025-01-31 06:48:18,2025-01-31 06:48:18,Resolved,3.0,0.0
7da02dbf,1031,Delivery,USA,2024-12-28 19:02:54,2025-02-07 01:54:36,Pending,1.0,966.8616666666667
bebb069a,1044,Delivery,Philippines,2025-01-14 02:17:42,2025-01-19 02:34:54,Resolved,5.0,120.28666666666666
3ccf3894,1046,Support,India,2025-02-25 22:55:19,2025-02-25 22:55:19,Resolved,3.0,0.0
bb0ce2d1,1020,Support,Philippines,2025-01-16 07:03:08,2025-02-11 19:19:25,Resolved,4.0,636.2713888888889
08bf5f5f,1015,Support,Brazil,2025-02-08 21:47:59,2025-02-18 21:41:21,Resolved,1.0,239.88944444444445
7adbbf9d,1020,Freight,Mexico,2024-12-25 12:41:29,2025-01-17 02:46:37,Resolved,5.0,542.0855555555555
e0a3044c,1010,Delivery,India,2025-02-18 02:43:04,2025-02-18 02:43:04,Resolved,5.0,0.0
65781312,1036,Freight,India,2025-01-01 21:24:29,2025-01-15 23:20:28,Resolved,5.0,337.93305555555554
e324f2b9,1035,Rides,Brazil,2024-12-23 03:00:26,2025-02-28 15:13:24,Resolved,5.0,1620.216111111111
0a92c824,1034,Support,USA,2025-01-19 04:37:06,2025-01-23 18:16:26,Resolved,3.0,109.65555555555555
0cfd4b1e,1018,Freight,Mexico,2025-01-10 15:39:17,2025-01-10 15:39:17,Resolved,3.0,0.0
b100b36a,1019,Freight,India,2024-12-30 10:48:34,2025-02-25 17:49:07,Resolved,4.0,1375.0091666666667
83d60482,1017,Rides,Mexico,2024-12-20 09:27:22,2024-12-29 19:09:52,Resolved,4.0,225.70833333333334
32e50afb,1046,Eats,India,2025-02-12 09:23:56,2025-02-12 09:23:56,Resolved,4.0,0.0
18e9817a,1040,Delivery,Mexico,2025-01-23 00:37:58,2025-01-23 00:37:58,Resolved,1.0,0.0
0c678ad5,1048,Eats,Philippines,2024-12-22 08:22:59,2024-12-25 00:34:25,Resolved,2.0,64.19055555555556
fe0795a2,1013,Support,India,2025-03-08 15:11:09,2025-03-08 15:11:09,Resolved,4.0,0.0
6173a4fe,1014,Freight,Mexico,2025-02-23 17:00:46,2025-03-05 20:57:33,Pending,4.0,243.9463888888889
3c9d00f2,1030,Rides,USA,2025-02-04 02:11:24,2025-03-04 02:31:13,Resolved,5.0,672.3302777777777
ac7c6266,1000,Rides,Philippines,2025-02-06 06:53:54,2025-03-06 19:37:11,Resolved,2.0,684.7213888888889
db4e3fdd,1002,Delivery,Philippines,2025-03-05 14:40:03,2025-03-11 05:13:31,Resolved,4.0,134.55777777777777
296ee97a,1015,Eats,USA,2025-02-12 14:50:17,2025-02-12 14:50:17,Resolved,3.0,0.0
97959e05,1022,Delivery,Mexico,2025-01-06 20:23:26,2025-01-06 20:23:26,Resolved,2.0,0.0
d00f5a9c,1010,Freight,Brazil,2025-02-18 07:06:24,2025-03-03 00:44:48,Resolved,4.0,305.64
2fb0078b,1011,Delivery,USA,2024-12-29 17:12:07,2025-01-19 15:02:48,Resolved,3.0,501.84472222222223
b0f42041,1009,Rides,Mexico,2025-01-10 08:24:32,2025-02-25 19:00:40,Resolved,3.0,1114.6022222222223
4d2f042b,1031,Rides,USA,2025-02-07 22:01:07,2025-02-07 22:01:07,Resolved,3.0,0.0
18ca8e34,1015,Support,USA,2024-12-17 01:58:10,2025-02-27 22:47:37,Resolved,3.0,1748.8241666666668
23f8481f,1007,Support,India,2025-01-05 21:48:01,2025-03-11 07:38:03,Resolved,2.0,1545.8338888888889
f3fe9926,1037,Freight,Mexico,2025-01-04 09:05:10,2025-01-05 23:08:33,Resolved,2.0,38.05638888888889
ec1d4860,1011,Eats,Brazil,2025-01-11 22:39:41,2025-01-31 03:44:12,Resolved,3.0,461.0752777777778
ad673418,1023,Delivery,India,2025-02-01 00:28:57,2025-03-07 12:50:00,Resolved,2.0,828.3508333333333
30982b79,1027,Freight,USA,2025-02-25 12:56:12,2025-02-25 12:56:12,Resolved,4.0,0.0
66e755cc,1007,Support,USA,2024-12-22 07:14:56,2025-01-05 19:18:56,Resolved,3.0,348.06666666666666
922b63ed,1027,Delivery,USA,2024-12-30 19:46:14,2025-02-13 14:49:10,Pending,3.0,1075.048888888889
8afb5919,1035,Support,Mexico,2025-03-05 05:51:31,2025-03-05 05:51:31,Resolved,3.0,0.0
46538443,1025,Delivery,Mexico,2025-01-24 05:50:06,2025-02-20 02:48:36,Pending,4.0,644.975
56172386,1007,Eats,India,2024-12-24 08:43:28,2025-01-28 18:52:50,Resolved,5.0,850.1561111111112
03b14f60,1049,Freight,Brazil,2025-02-13 10:07:03,2025-02-13 10:07:03,Pending,5.0,0.0
4d28f104,1027,Delivery,India,2025-01-20 19:16:15,2025-02-24 22:44:40,Resolved,5.0,843.4736111111112
9bf71a2e,1027,Rides,Philippines,2025-02-19 14:08:24,2025-03-05 09:53:15,Resolved,4.0,331.7475
1d60f1cd,1036,Rides,USA,2024-12-19 16:09:36,2025-03-09 17:24:31,Resolved,4.0,1921.2486111111111
df586e00,1040,Delivery,USA,2025-03-13 17:09:50,2025-03-13 17:09:50,Resolved,4.0,0.0
18b8070a,1035,Delivery,USA,2025-02-19 14:39:02,2025-03-12 04:22:11,Resolved,3.0,493.7191666666667
a8b392bc,1026,Delivery,India,2025-02-05 09:08:26,2025-02-05 09:08:26,Resolved,3.0,0.0
6942f7ac,1016,Rides,India,2025-03-03 14:00:19,2025-03-03 14:00:19,Resolved,3.0,0.0
0a583dab,1008,Rides,USA,2025-02-26 00:22:37,2025-02-26 00:22:37,Resolved,5.0,0.0
475e01a8,1032,Delivery,India,2025-03-11 18:04:20,2025-03-11 18:04:20,Pending,4.0,0.0
510b24c5,1019,Support,Mexico,2024-12-19 23:47:18,2025-02-28 02:06:59,Pending,5.0,1682.3280555555555
d45f22f8,1012,Support,Mexico,2025-02-21 09:14:09,2025-02-21 09:14:09,Pending,3.0,0.0
562de7a5,1027,Eats,India,2025-03-04 08:24:07,2025-03-04 08:24:07,Resolved,4.0,0.0
d95ce91f,1047,Freight,USA,2025-01-24 20:01:24,2025-01-24 20:01:24,Resolved,2.0,0.0
1e4356d9,1028,Support,India,2024-12-28 21:56:54,2025-01-06 21:13:28,Resolved,3.0,215.2761111111111
aa2b682f,1012,Rides,India,2024-12-29 09:58:59,2024-12-29 09:58:59,Resolved,5.0,0.0
c429cc73,1045,Support,India,2025-02-22 21:33:55,2025-02-22 21:33:55,Resolved,4.0,0.0
283c6dfb,1034,Eats,Philippines,2025-03-01 23:53:26,2025-03-01 23:53:26,Resolved,3.0,0.0
9c1a969c,1005,Eats,Mexico,2025-02-18 08:06:14,2025-02-18 08:06:14,Resolved,5.0,0.0
b587825c,1017,Freight,Brazil,2025-01-04 15:45:13,2025-01-04 15:45:13,Resolved,3.0,0.0
9f64b197,1004,Support,Brazil,2025-01-02 08:11:10,2025-02-20 14:35:27,Pending,,1182.4047222222223
12bc3128,1046,Rides,Philippines,2025-02-11 04:19:30,2025-03-04 12:42:17,Resolved,3.0,512.3797222222222
67e8a299,1024,Rides,India,2025-02-21 02:25:09,2025-03-11 10:06:47,Pending,3.0,439.69388888888886
9cb2d8ce,1001,Delivery,Philippines,2025-02-12 05:23:15,2025-02-28 13:52:40,Resolved,3.0,392.4902777777778
9a4e93e9,1009,Rides,Philippines,2025-01-05 16:45:25,2025-01-05 16:45:25,Resolved,2.0,0.0
61a20033,1029,Freight,USA,2025-01-17 12:05:53,2025-02-10 20:54:39,Resolved,2.0,584.8127777777778
74bf09c4,1049,Freight,Mexico,2024-12-29 01:37:20,2025-02-07 04:57:09,Resolved,4.0,963.3302777777777
bfa19b46,1044,Rides,Brazil,2025-03-09 21:48:40,2025-03-09 21:48:40,Resolved,5.0,0.0
b8900911,1004,Rides,India,2024-12-15 22:20:06,2025-01-17 18:36:18,Resolved,5.0,788.27
06c56fca,1032,Delivery,Brazil,2025-02-25 20:20:22,2025-02-25 20:20:22,Resolved,2.0,0.0
626aa56c,1000,Rides,Brazil,2025-02-12 12:26:17,2025-02-12 12:26:17,Resolved,4.0,0.0
873e3381,1017,Delivery,Mexico,2025-02-24 09:28:20,2025-02-24 09:28:20,Resolved,2.0,0.0
67759283,1031,Delivery,Brazil,2025-01-17 11:35:31,2025-01-17 11:35:31,Pending,1.0,0.0
562aa948,1046,Rides,Brazil,2025-02-18 03:47:09,2025-03-02 16:31:47,Resolved,4.0,300.7438888888889
5f0a4699,1048,Eats,Philippines,2025-01-13 00:13:51,2025-03-14 04:40:08,Resolved,4.0,1444.4380555555556
5ea88f44,1010,Eats,Mexico,2025-03-03 23:10:44,2025-03-03 23:10:44,Resolved,2.0,0.0
30ab7c4b,1020,Delivery,USA,2025-02-27 09:40:59,2025-02-27 09:40:59,Resolved,1.0,0.0
d77491b5,1025,Rides,India,2024-12-20 18:10:44,2025-01-28 15:23:58,Resolved,,933.2205555555555
b40aa8aa,1024,Eats,Brazil,2025-01-05 03:02:53,2025-01-20 17:19:04,Resolved,1.0,374.26972222222224
84b34091,1021,Rides,India,2024-12-15 20:02:39,2025-02-12 15:26:46,Pending,4.0,1411.4019444444446
d2c8e402,1026,Rides,USA,2025-01-11 08:30:10,2025-01-22 21:21:56,Resolved,4.0,276.86277777777775
e4021b50,1048,Rides,India,2025-01-18 11:48:20,2025-02-26 15:29:57,Pending,2.0,939.6936111111111
7a9352db,1012,Support,USA,2025-03-12 21:33:03,2025-03-12 21:33:03,Pending,3.0,0.0
c071345c,1032,Rides,Philippines,2024-12-22 23:14:11,2024-12-24 06:20:08,Resolved,4.0,31.099166666666665
47427959,1033,Support,Brazil,2025-01-17 15:38:02,2025-03-11 22:20:47,Resolved,5.0,1278.7125
eb74f197,1040,Delivery,USA,2025-03-05 15:58:43,2025-03-05 15:58:43,Pending,4.0,0.0
0ba04db2,1034,Eats,India,2024-12-22 13:51:29,2025-02-02 02:12:58,Resolved,4.0,996.3580555555556
80fb85a7,1000,Eats,Brazil,2024-12-23 17:22:39,2024-12-26 18:45:29,Resolved,,73.38055555555556
6ae9a1cf,1020,Eats,Philippines,2025-02-07 04:16:05,2025-02-07 04:16:05,Pending,5.0,0.0
270d8e68,1047,Eats,Brazil,2025-02-27 16:37:30,2025-02-27 16:37:30,Resolved,4.0,0.0
d28a513f,1005,Eats,USA,2025-01-10 05:39:38,2025-01-10 05:39:38,Resolved,4.0,0.0
fcc73b94,1027,Eats,Philippines,2025-02-13 07:40:43,2025-02-23 12:49:18,Resolved,4.0,245.14305555555555
e6e390f7,1016,Eats,India,2024-12-23 10:45:16,2025-02-23 11:46:51,Resolved,4.0,1489.026388888889
812ccbdd,1004,Delivery,Philippines,2025-02-26 23:10:33,2025-03-07 03:20:11,Resolved,4.0,196.16055555555556
17b68fe1,1030,Rides,Philippines,2025-02-13 02:37:48,2025-02-13 02:37:48,Resolved,4.0,0.0
39a77eb5,1004,Freight,Mexico,2025-02-28 23:28:58,2025-02-28 23:28:58,Resolved,1.0,0.0
8e6ac5be,1037,Support,Philippines,2024-12-25 07:48:46,2025-01-27 09:24:11,Resolved,4.0,793.5902777777778
a50ddb74,1002,Freight,Philippines,2024-12-20 23:38:50,2025-02-11 22:32:25,Resolved,3.0,1270.8930555555555
4b291331,1022,Freight,Brazil,2025-02-28 04:27:46,2025-02-28 04:27:46,Resolved,2.0,0.0
6a29fb0f,1036,Rides,India,2025-02-13 08:49:21,2025-03-02 18:58:30,Resolved,2.0,418.1525
4ad96c1c,1036,Rides,Brazil,2025-01-09 15:01:52,2025-02-05 12:17:18,Resolved,4.0,645.2572222222223
f2df0207,1009,Rides,Brazil,2025-01-16 20:42:19,2025-01-16 20:42:19,Resolved,4.0,0.0
b91f7b69,1009,Eats,USA,2025-01-23 08:25:12,2025-01-23 08:25:12,Resolved,3.0,0.0
cf382085,1018,Delivery,Brazil,2025-01-20 16:14:17,2025-01-20 16:14:17,Resolved,4.0,0.0
dcfe6bf9,1016,Eats,Mexico,2025-02-06 22:24:17,2025-03-08 00:41:34,Pending,4.0,698.2880555555555
a291acf5,1020,Delivery,Mexico,2025-01-02 09:38:30,2025-02-15 10:00:08,Resolved,3.0,1056.3605555555555
22578fba,1013,Delivery,USA,2024-12-21 15:47:23,2025-02-01 10:53:06,Resolved,4.0,1003.0952777777778
4b427cc9,1008,Freight,India,2025-02-06 23:45:25,2025-03-03 03:00:28,Resolved,5.0,579.2508333333334
1b46f2aa,1045,Freight,India,2025-02-12 21:45:48,2025-02-17 10:39:15,Resolved,5.0,108.89083333333333
a052356f,1000,Delivery,Brazil,2024-12-30 23:25:47,2025-01-18 04:12:31,Resolved,4.0,436.7788888888889
47188b80,1044,Delivery,Brazil,2025-02-21 01:59:39,2025-02-21 01:59:39,Resolved,4.0,0.0
8330c321,1012,Eats,Brazil,2024-12-21 22:07:49,2024-12-25 12:18:39,Resolved,2.0,86.18055555555556
70dd254a,1003,Eats,India,2025-01-29 22:32:04,2025-01-29 22:32:04,Resolved,3.0,0.0
2421da06,1000,Freight,Philippines,2024-12-24 23:45:23,2024-12-29 04:35:38,Resolved,2.0,100.8375
a187379a,1048,Rides,Mexico,2025-02-12 07:55:19,2025-03-11 22:13:01,Resolved,,662.295
2ae8052e,1039,Delivery,Philippines,2025-02-24 19:34:35,2025-02-24 19:34:35,Resolved,2.0,0.0
6b6ec764,1031,Eats,Philippines,2025-02-27 21:45:49,2025-02-27 21:45:49,Resolved,3.0,0.0
2afa8543,1033,Freight,India,2024-12-23 01:49:22,2025-02-06 18:41:44,Resolved,5.0,1096.8727777777779
209c9c3b,1027,Eats,Philippines,2025-02-09 05:05:10,2025-02-09 05:05:10,Resolved,5.0,0.0
8a09f817,1030,Delivery,USA,2024-12-28 18:46:24,2024-12-28 18:46:24,Resolved,5.0,0.0
e68c8424,1007,Delivery,Brazil,2025-02-14 11:23:04,2025-02-15 17:11:53,Resolved,1.0,29.81361111111111
94375c20,1038,Support,USA,2025-03-02 12:32:52,2025-03-02 12:32:52,Resolved,1.0,0.0
163912ab,1025,Rides,Mexico,2025-02-15 08:14:48,2025-02-15 08:14:48,Resolved,4.0,0.0
4c8bb24e,1033,Support,Brazil,2025-01-14 20:32:20,2025-01-14 20:32:20,Resolved,2.0,0.0
1b267543,1002,Freight,Philippines,2025-02-26 20:46:42,2025-02-26 20:46:42,Resolved,1.0,0.0
6588e55e,1049,Eats,Mexico,2025-01-07 14:56:31,2025-03-04 13:43:03,Resolved,4.0,1342.7755555555555
ceb92afd,1011,Freight,Brazil,2025-01-01 20:35:37,2025-01-15 14:06:04,Pending,5.0,329.5075
de683a52,1000,Delivery,Philippines,2024-12-25 14:10:35,2025-01-07 21:14:24,Resolved,3.0,319.06361111111113
dbb58cc0,1043,Support,USA,2025-02-07 20:32:18,2025-02-07 20:32:18,Resolved,4.0,0.0
6321cb22,1004,Support,Brazil,2025-01-03 12:26:02,2025-01-03 12:26:02,Resolved,4.0,0.0
12f07e2e,1029,Support,Philippines,2025-01-22 21:43:14,2025-02-15 15:52:01,Resolved,3.0,570.1463888888889
6a389659,1029,Freight,USA,2025-01-29 17:16:57,2025-02-28 12:46:45,Resolved,4.0,715.4966666666667
10d9ecce,1016,Delivery,Mexico,2025-01-27 09:50:08,2025-01-27 09:50:08,Resolved,3.0,0.0
84acb399,1047,Eats,Mexico,2025-03-03 09:57:55,2025-03-09 08:11:47,Resolved,2.0,142.23111111111112
573c6b52,1046,Eats,Mexico,2025-03-11 15:13:49,2025-03-11 15:13:49,Pending,5.0,0.0
9396f220,1022,Freight,Mexico,2025-03-14 10:03:34,2025-03-14 10:03:34,Resolved,2.0,0.0
a51938bc,1014,Support,India,2025-03-05 13:49:52,2025-03-05 13:49:52,Pending,,0.0
68546b56,1036,Rides,Brazil,2024-12-21 16:07:03,2025-03-08 07:08:34,Resolved,3.0,1839.0252777777778
c6d6e298,1020,Freight,Brazil,2024-12-23 21:23:14,2025-01-29 05:10:02,Resolved,4.0,871.78
c18677a8,1013,Freight,India,2024-12-21 03:37:46,2025-02-04 19:16:17,Resolved,4.0,1095.6419444444443
3fdb6871,1001,Delivery,Philippines,2024-12-26 19:04:15,2025-02-07 12:59:52,Resolved,2.0,1025.9269444444444
0eba7b85,1010,Eats,Philippines,2025-01-20 08:29:11,2025-02-06 16:25:59,Resolved,1.0,415.94666666666666
b06a3f42,1038,Freight,Mexico,2025-02-27 04:13:09,2025-02-27 04:13:09,Resolved,4.0,0.0
4701486f,1037,Freight,USA,2024-12-23 17:42:38,2025-02-19 07:49:47,Resolved,5.0,1382.1191666666666
e5010143,1033,Support,Philippines,2025-02-18 09:07:43,2025-02-18 09:07:43,Resolved,5.0,0.0
70edce46,1037,Support,USA,2025-03-05 22:17:34,2025-03-05 22:17:34,Resolved,4.0,0.0
a0da2902,1049,Rides,Brazil,2025-02-24 01:55:37,2025-02-24 01:55:37,Pending,5.0,0.0
5ff83c84,1033,Delivery,USA,2025-01-10 17:30:50,2025-02-21 03:58:30,Resolved,4.0,994.4611111111111
3bde8c57,1017,Rides,Brazil,2025-02-13 22:37:11,2025-02-13 22:37:11,Resolved,5.0,0.0
da09f9e8,1029,Support,India,2025-01-25 09:51:17,2025-01-25 09:51:17,Pending,4.0,0.0
52794385,1014,Eats,India,2025-02-10 10:32:33,2025-02-10 10:32:33,Resolved,4.0,0.0
75ca0df0,1026,Support,Mexico,2025-01-28 21:11:39,2025-01-28 21:11:39,Resolved,5.0,0.0
c50d137c,1033,Delivery,Philippines,2025-01-12 04:11:26,2025-01-12 04:11:26,Resolved,4.0,0.0
daefb247,1037,Support,Mexico,2025-01-25 22:43:45,2025-01-25 22:43:45,Pending,5.0,0.0
2c61177a,1032,Delivery,Brazil,2025-01-13 14:30:39,2025-02-09 23:20:13,Resolved,4.0,656.8261111111111
be6d0116,1023,Delivery,Mexico,2024-12-20 23:35:57,2025-01-28 21:30:44,Resolved,3.0,933.9130555555555
ce966af9,1014,Delivery,USA,2025-02-03 00:52:38,2025-02-03 00:52:38,Resolved,1.0,0.0
a3dc538f,1029,Delivery,Brazil,2025-02-24 14:37:22,2025-02-24 14:37:22,Resolved,4.0,0.0
bca700bd,1041,Delivery,India,2025-03-14 12:51:58,2025-03-14 12:51:58,Resolved,4.0,0.0
cfc431ce,1016,Eats,Philippines,2025-01-02 20:24:17,2025-02-25 08:11:37,Resolved,5.0,1283.7888888888888
c5f13ab6,1004,Rides,Brazil,2025-01-27 03:16:51,2025-02-23 15:19:56,Resolved,2.0,660.0513888888889
8e727366,1028,Freight,Brazil,2025-01-21 19:11:52,2025-02-25 04:51:17,Resolved,5.0,825.6569444444444
a79880c8,1003,Rides,USA,2025-01-23 04:06:16,2025-01-23 04:06:16,Pending,5.0,0.0
3a24b56e,1009,Delivery,Philippines,2024-12-16 02:48:57,2025-02-18 18:25:12,Resolved,3.0,1551.6041666666667
a4528f55,1016,Eats,India,2024-12-16 02:12:38,2025-01-13 12:56:55,Resolved,5.0,682.7380555555555
25db7c36,1009,Support,Brazil,2025-03-08 12:20:57,2025-03-08 12:20:57,Resolved,,0.0
4197a643,1016,Eats,Brazil,2025-02-16 01:43:28,2025-02-16 01:43:28,Resolved,5.0,0.0
15b4a92c,1019,Delivery,USA,2025-02-25 06:32:07,2025-02-25 06:32:07,Pending,5.0,0.0
09819c35,1023,Eats,Mexico,2025-01-22 19:10:10,2025-02-05 14:29:30,Resolved,,331.3222222222222
972c1318,1004,Eats,India,2025-02-06 05:25:40,2025-02-06 05:25:40,Resolved,4.0,0.0
db8cdc00,1033,Delivery,Philippines,2025-03-14 07:27:14,2025-03-14 07:27:14,Resolved,3.0,0.0
7e8ee37d,1005,Eats,Brazil,2025-02-18 01:27:51,2025-02-18 01:27:51,Resolved,5.0,0.0
b1672986,1001,Freight,Brazil,2025-02-14 19:22:20,2025-02-28 12:46:49,Resolved,4.0,329.40805555555556
b331a75b,1012,Freight,India,2024-12-17 12:57:38,2024-12-20 14:28:40,Resolved,4.0,73.51722222222222
8544eb68,1042,Eats,Mexico,2024-12-19 13:01:31,2025-01-28 06:12:03,Resolved,3.0,953.1755555555555
b1c30ec4,1042,Support,Brazil,2025-01-24 02:07:58,2025-02-02 23:34:09,Pending,5.0,237.4363888888889
d88dac17,1047,Delivery,India,2025-02-09 07:58:26,2025-02-09 07:58:26,Resolved,2.0,0.0
ee756dad,1010,Freight,USA,2024-12-22 12:51:12,2025-01-05 21:23:31,Resolved,5.0,344.5386111111111
a99229f3,1046,Support,Mexico,2025-02-28 17:13:30,2025-02-28 17:13:30,Resolved,3.0,0.0
06980197,1022,Eats,Philippines,2024-12-17 17:26:00,2025-02-03 10:41:00,Resolved,2.0,1145.25
4b4a33e5,1015,Support,Brazil,2025-02-10 16:27:34,2025-02-10 16:27:34,Resolved,4.0,0.0
96cd2224,1030,Rides,India,2025-01-04 15:39:53,2025-01-04 15:39:53,Resolved,1.0,0.0
3c53ef71,1010,Freight,USA,2025-03-08 22:41:47,2025-03-08 22:41:47,Resolved,4.0,0.0
1ce0b6d9,1015,Eats,Philippines,2025-01-18 23:25:40,2025-01-18 23:25:40,Pending,5.0,0.0
031298e2,1007,Delivery,India,2025-02-16 15:18:14,2025-02-16 15:18:14,Resolved,5.0,0.0
264a5956,1003,Eats,India,2024-12-24 07:59:03,2025-01-27 17:14:57,Resolved,2.0,825.265
fbfdb3bf,1039,Delivery,Philippines,2024-12-27 23:03:52,2024-12-29 07:54:42,Resolved,2.0,32.84722222222222
115beb66,1003,Eats,USA,2025-01-13 00:42:53,2025-01-13 00:42:53,Resolved,5.0,0.0
8fc459d0,1024,Support,USA,2025-03-01 14:08:02,2025-03-12 21:43:27,Resolved,5.0,271.59027777777777
528cea15,1002,Support,Mexico,2025-03-04 03:03:27,2025-03-04 03:03:27,Resolved,4.0,0.0
c82aa7ee,1031,Support,Brazil,2025-03-10 02:15:29,2025-03-10 02:15:29,Pending,4.0,0.0
30ae509d,1002,Rides,Philippines,2025-01-28 05:51:02,2025-01-28 05:51:02,Pending,3.0,0.0
8ced7e3a,1026,Delivery,Philippines,2025-01-30 02:48:25,2025-03-11 19:13:01,Pending,5.0,976.41
193f923c,1028,Support,Philippines,2025-01-25 09:08:05,2025-01-25 09:08:05,Resolved,4.0,0.0
d0d833c2,1031,Rides,USA,2025-02-06 16:39:27,2025-02-06 16:39:27,Resolved,3.0,0.0
6665612d,1049,Delivery,Brazil,2025-01-30 08:45:44,2025-02-21 02:26:08,Resolved,3.0,521.6733333333333
45879d1a,1018,Eats,Mexico,2025-02-02 03:04:00,2025-03-04 00:15:38,Pending,5.0,717.1938888888889
4cc12da3,1020,Rides,India,2024-12-26 05:31:58,2025-03-06 08:21:49,Resolved,1.0,1682.8308333333334
9ae8dece,1004,Freight,India,2024-12-24 14:54:28,2025-01-04 00:33:20,Resolved,3.0,249.64777777777778
2e5a7db0,1017,Rides,Philippines,2025-02-01 10:26:28,2025-02-01 10:26:28,Resolved,4.0,0.0
fd661233,1027,Rides,Brazil,2024-12-25 04:22:26,2025-01-21 22:53:57,Resolved,2.0,666.5252777777778
651d9625,1041,Delivery,USA,2025-01-21 07:54:46,2025-01-21 07:54:46,Resolved,2.0,0.0
5982a848,1021,Eats,Brazil,2024-12-15 01:07:14,2024-12-28 14:31:56,Resolved,5.0,325.4116666666667
0ef95966,1020,Freight,Brazil,2025-01-24 02:30:48,2025-01-24 02:30:48,Resolved,5.0,0.0
084d2617,1005,Support,USA,2025-02-12 07:24:23,2025-02-12 07:24:23,Resolved,5.0,0.0
fc527aa2,1000,Support,Philippines,2025-03-01 12:24:59,2025-03-01 12:24:59,Resolved,5.0,0.0
15bc6be2,1004,Rides,Brazil,2025-02-16 04:45:36,2025-02-16 04:45:36,Resolved,4.0,0.0
011d1159,1040,Delivery,India,2025-01-07 19:51:14,2025-01-07 19:51:14,Resolved,5.0,0.0
30f801bc,1011,Delivery,USA,2024-12-20 22:15:02,2024-12-29 21:02:01,Resolved,4.0,214.78305555555556
e3d6d33f,1025,Support,Mexico,2024-12-31 12:20:01,2025-02-23 05:19:34,Resolved,4.0,1288.9925
07ceb949,1045,Freight,Philippines,2024-12-17 18:26:40,2025-03-07 05:13:46,Resolved,,1906.785
424cf632,1033,Eats,USA,2025-01-18 21:43:25,2025-01-18 21:43:25,Resolved,3.0,0.0
6b58af46,1048,Freight,Mexico,2025-01-18 22:06:02,2025-02-07 17:13:12,Resolved,4.0,475.11944444444447
c0af4530,1013,Eats,Mexico,2025-01-29 14:43:41,2025-01-29 14:43:41,Resolved,4.0,0.0
e0e249de,1025,Support,Brazil,2025-02-08 12:48:28,2025-02-08 12:48:28,Resolved,2.0,0.0
37be7d53,1044,Eats,Brazil,2025-01-22 08:05:52,2025-03-11 23:36:50,Resolved,2.0,1167.516111111111
a74ce78c,1026,Delivery,Brazil,2024-12-22 07:18:08,2025-02-03 14:32:58,Resolved,5.0,1039.2472222222223
bea7e1c9,1008,Rides,USA,2025-03-10 19:43:20,2025-03-10 19:43:20,Pending,,0.0
0d5f0b8a,1025,Rides,USA,2025-02-20 11:20:33,2025-02-20 11:20:33,Resolved,4.0,0.0
07b125e4,1046,Support,Philippines,2024-12-26 10:29:11,2025-01-17 08:24:54,Resolved,2.0,525.9286111111111
b4c5c08d,1021,Delivery,Brazil,2024-12-16 18:13:13,2025-01-20 12:25:55,Resolved,2.0,834.2116666666667
aae1e46a,1046,Freight,Mexico,2025-01-07 10:59:07,2025-01-08 19:12:33,Pending,5.0,32.22388888888889
905eaa01,1029,Delivery,India,2025-01-03 22:39:46,2025-01-03 22:39:46,Resolved,4.0,0.0
e106422e,1042,Rides,Philippines,2025-02-12 02:54:45,2025-02-12 02:54:45,Resolved,3.0,0.0
629c68d1,1047,Rides,USA,2024-12-19 21:30:27,2025-03-03 15:10:49,Resolved,4.0,1769.6727777777778
c2b160c5,1016,Delivery,Philippines,2024-12-25 18:14:40,2024-12-25 18:14:40,Resolved,3.0,0.0
774a2b53,1025,Delivery,Philippines,2025-01-28 23:48:32,2025-02-23 06:27:39,Resolved,4.0,606.6519444444444
9a4b558b,1035,Rides,Philippines,2025-03-05 22:20:36,2025-03-05 22:20:36,Resolved,5.0,0.0
3c827e54,1000,Freight,Philippines,2025-02-10 23:44:44,2025-02-10 23:44:44,Pending,4.0,0.0
97b0a616,1007,Support,India,2025-01-25 11:58:06,2025-02-27 04:08:23,Resolved,4.0,784.1713888888889
9bdc8d27,1048,Support,Brazil,2024-12-23 15:48:45,2025-03-10 22:01:37,Resolved,4.0,1854.2144444444446
8aa43b42,1034,Delivery,Mexico,2025-01-20 16:10:56,2025-02-01 05:25:16,Resolved,5.0,277.2388888888889
c73f744e,1014,Support,Philippines,2025-02-02 19:29:56,2025-02-27 19:00:47,Resolved,4.0,599.5141666666667
0375b3f1,1046,Rides,Philippines,2025-02-01 05:29:55,2025-02-09 22:10:49,Resolved,2.0,208.68166666666667
f82c14c5,1021,Rides,Philippines,2025-03-07 17:31:42,2025-03-07 17:31:42,Pending,4.0,0.0
8fa5a024,1013,Delivery,Brazil,2025-01-17 19:55:11,2025-01-17 19:55:11,Resolved,3.0,0.0
ab94303d,1025,Delivery,USA,2025-02-04 16:47:41,2025-02-04 16:47:41,Resolved,5.0,0.0
abc75b43,1027,Delivery,USA,2024-12-28 06:35:46,2025-01-07 05:48:44,Resolved,4.0,239.2161111111111
b9c557f7,1022,Freight,India,2025-03-01 22:53:04,2025-03-01 22:53:04,Resolved,,0.0
c1a33a94,1013,Support,USA,2025-01-22 00:17:53,2025-02-10 19:18:27,Resolved,2.0,475.00944444444445
4fae0b46,1023,Delivery,Philippines,2024-12-20 07:05:14,2024-12-29 21:52:13,Resolved,5.0,230.78305555555556
79eff7dd,1001,Eats,Philippines,2025-03-09 19:37:35,2025-03-09 19:37:35,Resolved,4.0,0.0
816d0de7,1044,Eats,Philippines,2025-03-05 22:15:12,2025-03-05 22:15:12,Resolved,5.0,0.0
4f302ea1,1025,Rides,India,2024-12-15 19:59:45,2025-01-26 02:27:07,Resolved,3.0,990.4561111111111
0130c46e,1013,Support,Philippines,2025-03-06 11:38:02,2025-03-06 11:38:02,Pending,4.0,0.0
9f683b0c,1006,Delivery,USA,2025-01-13 15:07:17,2025-01-13 15:07:17,Resolved,5.0,0.0
0687cffe,1002,Eats,Brazil,2025-01-12 08:43:22,2025-03-04 12:25:11,Resolved,3.0,1227.6969444444444
c69f0422,1046,Support,Brazil,2025-02-02 11:33:14,2025-03-10 12:44:24,Resolved,3.0,865.1861111111111
6b178692,1022,Rides,Mexico,2025-01-07 11:35:52,2025-01-15 10:01:14,Resolved,4.0,190.42277777777778
132c357c,1045,Freight,USA,2025-02-19 20:57:15,2025-02-19 20:57:15,Resolved,4.0,0.0
6d735889,1042,Support,Philippines,2025-02-21 20:02:12,2025-02-21 20:02:12,Pending,3.0,0.0
7df81ceb,1046,Support,Brazil,2024-12-24 02:48:46,2025-02-22 10:32:55,Resolved,3.0,1447.7358333333334
7232f1c5,1044,Freight,USA,2025-03-09 01:25:43,2025-03-09 01:25:43,Resolved,3.0,0.0
52e6f98e,1017,Support,Brazil,2025-01-08 16:23:02,2025-03-10 10:46:57,Resolved,5.0,1458.3986111111112
1423f811,1037,Rides,Philippines,2025-01-20 01:05:01,2025-01-28 22:07:03,Resolved,4.0,213.0338888888889
a67f04e9,1034,Rides,Brazil,2025-03-09 09:24:30,2025-03-09 09:24:30,Resolved,5.0,0.0
316d9cdc,1014,Freight,Mexico,2024-12-16 08:36:20,2024-12-22 06:57:00,Resolved,,142.34444444444443
e95ab6cc,1024,Delivery,Mexico,2025-01-25 01:32:52,2025-01-25 01:32:52,Resolved,4.0,0.0
a2fcc45c,1036,Eats,Brazil,2025-02-13 12:57:51,2025-02-13 12:57:51,Resolved,2.0,0.0
4a2f7fa3,1027,Delivery,USA,2025-01-04 09:26:00,2025-01-17 12:13:41,Resolved,1.0,314.7947222222222
00a51452,1009,Support,USA,2025-02-10 12:48:14,2025-02-17 08:15:50,Resolved,3.0,163.46
3ca8335e,1038,Eats,USA,2025-01-05 23:32:48,2025-03-07 23:31:50,Resolved,5.0,1463.983888888889
463c3901,1016,Freight,Brazil,2025-02-19 22:51:57,2025-03-06 21:02:23,Resolved,4.0,358.1738888888889
47c49759,1038,Freight,USA,2025-01-16 04:43:21,2025-02-08 08:55:03,Pending,3.0,556.195
de9ef535,1021,Eats,Philippines,2025-01-11 03:30:55,2025-01-15 16:44:06,Resolved,4.0,109.21972222222222
ba25020d,1025,Rides,Mexico,2025-02-15 01:28:28,2025-02-15 01:28:28,Resolved,4.0,0.0
c8d943ad,1043,Eats,Philippines,2025-02-01 12:40:53,2025-03-11 14:44:29,Resolved,4.0,914.06
5add8701,1024,Support,USA,2025-01-25 00:03:39,2025-01-25 00:03:39,Resolved,3.0,0.0
55048bd1,1016,Rides,Philippines,2025-02-04 22:18:48,2025-02-04 22:18:48,Resolved,,0.0
0b0336ef,1012,Freight,USA,2025-01-26 08:38:11,2025-02-19 02:14:26,Resolved,4.0,569.6041666666666
7666e30f,1019,Eats,Brazil,2025-02-23 10:20:48,2025-02-23 10:20:48,Resolved,2.0,0.0
f05ff752,1024,Delivery,Philippines,2025-02-03 12:24:34,2025-02-03 18:50:02,Pending,5.0,6.424444444444444
8ca3dd7f,1003,Delivery,Brazil,2025-03-02 14:26:52,2025-03-02 14:26:52,Resolved,2.0,0.0
93797763,1009,Support,Brazil,2024-12-30 20:25:40,2025-01-31 14:08:37,Resolved,5.0,761.7158333333333
1692b82e,1002,Delivery,India,2025-02-15 19:22:18,2025-02-15 19:22:18,Resolved,,0.0
8f13a14c,1040,Eats,USA,2025-02-25 23:31:56,2025-02-25 23:31:56,Resolved,5.0,0.0
deade693,1044,Eats,Mexico,2025-03-05 23:04:24,2025-03-05 23:04:24,Resolved,5.0,0.0
adb47579,1017,Delivery,USA,2025-01-15 02:15:34,2025-01-15 02:15:34,Resolved,3.0,0.0
26f92d79,1046,Eats,Mexico,2025-02-21 10:54:34,2025-02-21 10:54:34,Resolved,5.0,0.0
7cc6e4a7,1035,Support,USA,2024-12-18 07:04:42,2025-02-11 20:14:34,Resolved,4.0,1333.1644444444444
43b21e46,1046,Rides,Brazil,2025-03-11 17:45:12,2025-03-11 17:45:12,Resolved,5.0,0.0
8967b035,1021,Support,Philippines,2024-12-16 21:12:22,2025-01-07 03:27:10,Resolved,5.0,510.24666666666667
d3662ff2,1033,Support,Philippines,2025-01-16 05:48:29,2025-01-16 05:48:29,Resolved,,0.0
5770686f,1046,Eats,India,2024-12-31 07:33:38,2025-01-16 15:56:22,Resolved,5.0,392.37888888888887
8d93f2af,1007,Rides,Mexico,2025-02-12 03:48:36,2025-02-12 03:48:36,Pending,3.0,0.0
b6d881f7,1039,Eats,Mexico,2025-02-19 07:47:59,2025-02-19 07:47:59,Resolved,,0.0
d0982253,1048,Freight,Mexico,2025-01-18 03:16:44,2025-01-18 03:16:44,Resolved,4.0,0.0
03fbe0c7,1043,Eats,Brazil,2025-01-28 18:42:26,2025-01-28 18:42:26,Pending,5.0,0.0
bf1fa6e4,1018,Eats,Mexico,2025-01-08 10:29:26,2025-03-05 10:28:59,Resolved,4.0,1343.9925
cebc71c6,1041,Eats,Philippines,2024-12-20 02:21:25,2025-02-09 13:35:06,Resolved,3.0,1235.2280555555556
4d3a0dcc,1040,Rides,Brazil,2025-02-13 13:35:13,2025-03-11 14:20:05,Resolved,4.0,624.7477777777777
10a75090,1036,Eats,USA,2025-03-03 15:24:34,2025-03-03 15:24:34,Resolved,4.0,0.0
d5e7ce35,1005,Rides,Mexico,2025-02-15 15:18:09,2025-02-15 15:18:09,Resolved,5.0,0.0
f54d5e69,1025,Delivery,Mexico,2025-01-02 21:48:46,2025-01-02 21:48:46,Resolved,3.0,0.0
44b4fa39,1033,Freight,USA,2025-01-31 03:13:35,2025-01-31 03:13:35,Resolved,4.0,0.0
52618478,1044,Rides,Mexico,2025-02-12 05:29:49,2025-02-12 05:29:49,Resolved,3.0,0.0
b745eb89,1005,Delivery,USA,2025-02-27 15:28:57,2025-02-27 15:28:57,Pending,5.0,0.0
b8100c1a,1036,Rides,Brazil,2024-12-21 09:07:10,2025-03-02 04:30:08,Resolved,4.0,1699.3827777777778
